method	numPRD	N	alpha	beta	MAP
lmjm_0.4_rocchio_TFIDF	20	50	1.0	5.0	0.2615
lmjm_0.4_rocchio_TFIDF	20	50	1.0	15.0	0.2721
lmjm_0.4_rocchio_TFIDF	20	50	1.0	20.0	0.2726
lmjm_0.4_rocchio_TFIDF	20	50	1.0	25.0	0.2727
lmjm_0.4_rocchio_TFIDF	20	50	1.0	27.5	0.2737
lmjm_0.4_rocchio_TFIDF	20	50	1.0	30.0	0.2746
lmjm_0.4_rocchio_TFIDF	20	50	1.0	32.5	0.2743
lmjm_0.4_rocchio_TFIDF	20	50	1.0	35.0	0.2742
lmjm_0.4_rocchio_TFIDF	20	50	1.0	37.5	0.2742
lmjm_0.4_rocchio_TFIDF	20	50	1.0	40.0	0.2741
lmjm_0.4_rocchio_TFIDF	20	50	1.0	42.5	0.2741
lmjm_0.4_rocchio_TFIDF	20	50	1.0	45.0	0.2738
lmjm_0.4_rocchio_TFIDF	20	50	1.0	47.5	0.2737
lmjm_0.4_rocchio_TFIDF	20	50	1.0	50.0	0.2734
lmjm_0.4_rocchio_TFIDF	20	50	1.0	52.5	0.2732
lmjm_0.4_rocchio_TFIDF	20	60	1.0	5.0	0.2629
lmjm_0.4_rocchio_TFIDF	20	60	1.0	10.0	0.2727
lmjm_0.4_rocchio_TFIDF	20	60	1.0	15.0	0.2752
lmjm_0.4_rocchio_TFIDF	20	60	1.0	17.5	0.276
lmjm_0.4_rocchio_TFIDF	20	60	1.0	20.0	0.2739
lmjm_0.4_rocchio_TFIDF	20	60	1.0	22.5	0.274
lmjm_0.4_rocchio_TFIDF	20	60	1.0	25.0	0.2748
lmjm_0.4_rocchio_TFIDF	20	60	1.0	27.5	0.2751
lmjm_0.4_rocchio_TFIDF	20	60	1.0	30.0	0.275
lmjm_0.4_rocchio_TFIDF	20	60	1.0	32.5	0.2751
lmjm_0.4_rocchio_TFIDF	20	60	1.0	35.0	0.2754
lmjm_0.4_rocchio_TFIDF	20	60	1.0	37.5	0.2755
lmjm_0.4_rocchio_TFIDF	20	60	1.0	40.0	0.2753
lmjm_0.4_rocchio_TFIDF	20	60	1.0	42.5	0.2753
lmjm_0.4_rocchio_TFIDF	20	60	1.0	45.0	0.2744
lmjm_0.4_rocchio_TFIDF	20	65	1.0	5.0	0.2629
lmjm_0.4_rocchio_TFIDF	20	65	1.0	5.0	0.2629
lmjm_0.4_rocchio_TFIDF	20	65	1.0	10.0	0.274
lmjm_0.4_rocchio_TFIDF	20	65	1.0	15.0	0.2769
lmjm_0.4_rocchio_TFIDF	20	65	1.0	15.0	0.2769
lmjm_0.4_rocchio_TFIDF	20	65	1.0	17.5	0.2762
lmjm_0.4_rocchio_TFIDF	20	65	1.0	20.0	0.2762
lmjm_0.4_rocchio_TFIDF	20	65	1.0	22.5	0.2765
lmjm_0.4_rocchio_TFIDF	20	65	1.0	25.0	0.2775
lmjm_0.4_rocchio_TFIDF	20	65	1.0	25.0	0.2775
lmjm_0.4_rocchio_TFIDF	20	65	1.0	27.5	0.2788
lmjm_0.4_rocchio_TFIDF	20	65	1.0	30.0	0.2767
lmjm_0.4_rocchio_TFIDF	20	65	1.0	32.5	0.2767
lmjm_0.4_rocchio_TFIDF	20	65	1.0	35.0	0.2768
lmjm_0.4_rocchio_TFIDF	20	65	1.0	35.0	0.2768
lmjm_0.4_rocchio_TFIDF	20	65	1.0	37.5	0.2755
lmjm_0.4_rocchio_TFIDF	20	65	1.0	40.0	0.2753
lmjm_0.4_rocchio_TFIDF	20	65	1.0	42.5	0.275
lmjm_0.4_rocchio_TFIDF	20	65	1.0	45.0	0.275
lmjm_0.4_rocchio_TFIDF	20	65	1.0	45.0	0.275
lmjm_0.4_rocchio_TFIDF	20	70	1.0	5.0	0.2624
lmjm_0.4_rocchio_TFIDF	20	70	1.0	10.0	0.2731
lmjm_0.4_rocchio_TFIDF	20	70	1.0	15.0	0.275
lmjm_0.4_rocchio_TFIDF	20	70	1.0	17.5	0.2747
lmjm_0.4_rocchio_TFIDF	20	70	1.0	20.0	0.2755
lmjm_0.4_rocchio_TFIDF	20	70	1.0	22.5	0.2763
lmjm_0.4_rocchio_TFIDF	20	70	1.0	25.0	0.2773
lmjm_0.4_rocchio_TFIDF	20	70	1.0	27.5	0.2746
lmjm_0.4_rocchio_TFIDF	20	70	1.0	30.0	0.2749
lmjm_0.4_rocchio_TFIDF	20	70	1.0	32.5	0.2746
lmjm_0.4_rocchio_TFIDF	20	70	1.0	35.0	0.2748
lmjm_0.4_rocchio_TFIDF	20	70	1.0	37.5	0.2745
lmjm_0.4_rocchio_TFIDF	20	70	1.0	40.0	0.2745
lmjm_0.4_rocchio_TFIDF	20	70	1.0	42.5	0.2743
lmjm_0.4_rocchio_TFIDF	20	70	1.0	45.0	0.2743
lmjm_0.4_rocchio_TFIDF	20	75	1.0	5.0	0.2641
lmjm_0.4_rocchio_TFIDF	20	75	1.0	10.0	0.2744
lmjm_0.4_rocchio_TFIDF	20	75	1.0	15.0	0.2761
lmjm_0.4_rocchio_TFIDF	20	75	1.0	17.5	0.2767
lmjm_0.4_rocchio_TFIDF	20	75	1.0	20.0	0.2772
lmjm_0.4_rocchio_TFIDF	20	75	1.0	22.5	0.2781
lmjm_0.4_rocchio_TFIDF	20	75	1.0	25.0	0.278
lmjm_0.4_rocchio_TFIDF	20	75	1.0	27.5	0.2758
lmjm_0.4_rocchio_TFIDF	20	75	1.0	30.0	0.2754
lmjm_0.4_rocchio_TFIDF	20	75	1.0	32.5	0.2753
lmjm_0.4_rocchio_TFIDF	20	75	1.0	35.0	0.2752
lmjm_0.4_rocchio_TFIDF	20	75	1.0	37.5	0.2751
lmjm_0.4_rocchio_TFIDF	20	75	1.0	40.0	0.2751
lmjm_0.4_rocchio_TFIDF	20	75	1.0	42.5	0.275
lmjm_0.4_rocchio_TFIDF	20	75	1.0	45.0	0.2749
lmjm_0.4_rocchio_TFIDF	20	80	1.0	5.0	0.2649
lmjm_0.4_rocchio_TFIDF	20	80	1.0	10.0	0.2732
lmjm_0.4_rocchio_TFIDF	20	80	1.0	15.0	0.2754
lmjm_0.4_rocchio_TFIDF	20	80	1.0	17.5	0.2759
lmjm_0.4_rocchio_TFIDF	20	80	1.0	20.0	0.2768
lmjm_0.4_rocchio_TFIDF	20	80	1.0	22.5	0.2775
lmjm_0.4_rocchio_TFIDF	20	80	1.0	25.0	0.2756
lmjm_0.4_rocchio_TFIDF	20	80	1.0	27.5	0.2759
lmjm_0.4_rocchio_TFIDF	20	80	1.0	30.0	0.2753
lmjm_0.4_rocchio_TFIDF	20	80	1.0	32.5	0.276
lmjm_0.4_rocchio_TFIDF	20	80	1.0	35.0	0.2752
lmjm_0.4_rocchio_TFIDF	20	80	1.0	37.5	0.275
lmjm_0.4_rocchio_TFIDF	20	80	1.0	40.0	0.2748
lmjm_0.4_rocchio_TFIDF	20	80	1.0	42.5	0.2746
lmjm_0.4_rocchio_TFIDF	20	80	1.0	45.0	0.2744
lmjm_0.4_rocchio_TFIDF	20	85	1.0	5.0	0.2658
lmjm_0.4_rocchio_TFIDF	20	85	1.0	10.0	0.2732
lmjm_0.4_rocchio_TFIDF	20	85	1.0	15.0	0.2761
lmjm_0.4_rocchio_TFIDF	20	85	1.0	17.5	0.276
lmjm_0.4_rocchio_TFIDF	20	85	1.0	20.0	0.2774
lmjm_0.4_rocchio_TFIDF	20	85	1.0	22.5	0.2783
lmjm_0.4_rocchio_TFIDF	20	85	1.0	25.0	0.2787
lmjm_0.4_rocchio_TFIDF	20	85	1.0	27.5	0.2768
lmjm_0.4_rocchio_TFIDF	20	85	1.0	30.0	0.2768
lmjm_0.4_rocchio_TFIDF	20	85	1.0	32.5	0.276
lmjm_0.4_rocchio_TFIDF	20	85	1.0	35.0	0.2755
lmjm_0.4_rocchio_TFIDF	20	85	1.0	37.5	0.2751
lmjm_0.4_rocchio_TFIDF	20	85	1.0	40.0	0.2749
lmjm_0.4_rocchio_TFIDF	20	85	1.0	42.5	0.2748
lmjm_0.4_rocchio_TFIDF	20	85	1.0	45.0	0.2743
lmjm_0.4_rocchio_TFIDF	20	90	1.0	5.0	0.2645
lmjm_0.4_rocchio_TFIDF	20	90	1.0	10.0	0.2733
lmjm_0.4_rocchio_TFIDF	20	90	1.0	15.0	0.2759
lmjm_0.4_rocchio_TFIDF	20	90	1.0	17.5	0.2761
lmjm_0.4_rocchio_TFIDF	20	90	1.0	20.0	0.2769
lmjm_0.4_rocchio_TFIDF	20	90	1.0	22.5	0.2777
lmjm_0.4_rocchio_TFIDF	20	90	1.0	25.0	0.2782
lmjm_0.4_rocchio_TFIDF	20	90	1.0	27.5	0.2762
lmjm_0.4_rocchio_TFIDF	20	90	1.0	30.0	0.2755
lmjm_0.4_rocchio_TFIDF	20	90	1.0	32.5	0.2752
lmjm_0.4_rocchio_TFIDF	20	90	1.0	35.0	0.2746
lmjm_0.4_rocchio_TFIDF	20	90	1.0	37.5	0.2743
lmjm_0.4_rocchio_TFIDF	20	90	1.0	40.0	0.2742
lmjm_0.4_rocchio_TFIDF	20	90	1.0	42.5	0.2742
lmjm_0.4_rocchio_TFIDF	20	90	1.0	45.0	0.274
lmjm_0.4_rocchio_TFIDF	20	95	1.0	5.0	0.2649
lmjm_0.4_rocchio_TFIDF	20	95	1.0	10.0	0.2737
lmjm_0.4_rocchio_TFIDF	20	95	1.0	15.0	0.2761
lmjm_0.4_rocchio_TFIDF	20	95	1.0	17.5	0.2767
lmjm_0.4_rocchio_TFIDF	20	95	1.0	20.0	0.2774
lmjm_0.4_rocchio_TFIDF	20	95	1.0	22.5	0.2779
lmjm_0.4_rocchio_TFIDF	20	95	1.0	25.0	0.2759
lmjm_0.4_rocchio_TFIDF	20	95	1.0	27.5	0.2753
lmjm_0.4_rocchio_TFIDF	20	95	1.0	30.0	0.275
lmjm_0.4_rocchio_TFIDF	20	95	1.0	32.5	0.2746
lmjm_0.4_rocchio_TFIDF	20	95	1.0	35.0	0.2746
lmjm_0.4_rocchio_TFIDF	20	95	1.0	37.5	0.2748
lmjm_0.4_rocchio_TFIDF	20	95	1.0	40.0	0.2746
lmjm_0.4_rocchio_TFIDF	20	95	1.0	42.5	0.2745
lmjm_0.4_rocchio_TFIDF	20	95	1.0	45.0	0.2744
lmjm_0.4_rocchio_TFIDF	20	100	1.0	5.0	0.2645
lmjm_0.4_rocchio_TFIDF	20	100	1.0	7.5	0.2697
lmjm_0.4_rocchio_TFIDF	20	100	1.0	10.0	0.2739
lmjm_0.4_rocchio_TFIDF	20	100	1.0	12.5	0.2753
lmjm_0.4_rocchio_TFIDF	20	100	1.0	15.0	0.2754
lmjm_0.4_rocchio_TFIDF	20	100	1.0	17.5	0.2763
lmjm_0.4_rocchio_TFIDF	20	100	1.0	20.0	0.2769
lmjm_0.4_rocchio_TFIDF	20	100	1.0	22.5	0.2751
lmjm_0.4_rocchio_TFIDF	20	100	1.0	25.0	0.2746
lmjm_0.4_rocchio_TFIDF	20	100	1.0	27.5	0.2743
lmjm_0.4_rocchio_TFIDF	20	100	1.0	30.0	0.2743
lmjm_0.4_rocchio_TFIDF	20	100	1.0	32.5	0.2743
lmjm_0.4_rocchio_TFIDF	20	100	1.0	35.0	0.2742
lmjm_0.4_rocchio_TFIDF	20	100	1.0	37.5	0.2747
lmjm_0.4_rocchio_TFIDF	20	100	1.0	40.0	0.2743
lmjm_0.4_rocchio_TFIDF	20	100	1.0	42.5	0.2742
lmjm_0.4_rocchio_TFIDF	20	100	1.0	45.0	0.274
lmjm_0.4_rocchio_TFIDF	20	110	1.0	5.0	0.2652
lmjm_0.4_rocchio_TFIDF	20	110	1.0	10.0	0.2742
lmjm_0.4_rocchio_TFIDF	20	110	1.0	15.0	0.2767
lmjm_0.4_rocchio_TFIDF	20	110	1.0	17.5	0.2768
lmjm_0.4_rocchio_TFIDF	20	110	1.0	20.0	0.275
lmjm_0.4_rocchio_TFIDF	20	110	1.0	22.5	0.2749
lmjm_0.4_rocchio_TFIDF	20	110	1.0	25.0	0.2747
lmjm_0.4_rocchio_TFIDF	20	110	1.0	27.5	0.2749
lmjm_0.4_rocchio_TFIDF	20	110	1.0	30.0	0.2756
lmjm_0.4_rocchio_TFIDF	20	110	1.0	32.5	0.2753
lmjm_0.4_rocchio_TFIDF	20	110	1.0	35.0	0.2754
lmjm_0.4_rocchio_TFIDF	20	110	1.0	37.5	0.275
lmjm_0.4_rocchio_TFIDF	20	110	1.0	40.0	0.2748
lmjm_0.4_rocchio_TFIDF	20	110	1.0	42.5	0.2746
lmjm_0.4_rocchio_TFIDF	20	110	1.0	45.0	0.2743
lmjm_0.4_rocchio_TFIDF	20	120	1.0	5.0	0.2647
lmjm_0.4_rocchio_TFIDF	20	120	1.0	10.0	0.2741
lmjm_0.4_rocchio_TFIDF	20	120	1.0	15.0	0.2769
lmjm_0.4_rocchio_TFIDF	20	120	1.0	17.5	0.2748
lmjm_0.4_rocchio_TFIDF	20	120	1.0	20.0	0.2753
lmjm_0.4_rocchio_TFIDF	20	120	1.0	22.5	0.2755
lmjm_0.4_rocchio_TFIDF	20	120	1.0	25.0	0.2748
lmjm_0.4_rocchio_TFIDF	20	120	1.0	27.5	0.2758
lmjm_0.4_rocchio_TFIDF	20	120	1.0	30.0	0.2759
lmjm_0.4_rocchio_TFIDF	20	120	1.0	32.5	0.2755
lmjm_0.4_rocchio_TFIDF	20	120	1.0	35.0	0.2754
lmjm_0.4_rocchio_TFIDF	20	120	1.0	37.5	0.275
lmjm_0.4_rocchio_TFIDF	20	120	1.0	40.0	0.275
lmjm_0.4_rocchio_TFIDF	20	120	1.0	42.5	0.2745
lmjm_0.4_rocchio_TFIDF	20	120	1.0	45.0	0.2744
lmjm_0.4_rocchio_TFIDF	20	125	1.0	5.0	0.2651
lmjm_0.4_rocchio_TFIDF	20	125	1.0	10.0	0.2745
lmjm_0.4_rocchio_TFIDF	20	125	1.0	15.0	0.2771
lmjm_0.4_rocchio_TFIDF	20	125	1.0	17.5	0.2753
lmjm_0.4_rocchio_TFIDF	20	125	1.0	20.0	0.2767
lmjm_0.4_rocchio_TFIDF	20	125	1.0	22.5	0.2762
lmjm_0.4_rocchio_TFIDF	20	125	1.0	25.0	0.2753
lmjm_0.4_rocchio_TFIDF	20	125	1.0	27.5	0.2761
lmjm_0.4_rocchio_TFIDF	20	125	1.0	30.0	0.276
lmjm_0.4_rocchio_TFIDF	20	125	1.0	32.5	0.2757
lmjm_0.4_rocchio_TFIDF	20	125	1.0	35.0	0.2758
lmjm_0.4_rocchio_TFIDF	20	125	1.0	37.5	0.2754
lmjm_0.4_rocchio_TFIDF	20	125	1.0	40.0	0.2754
lmjm_0.4_rocchio_TFIDF	20	125	1.0	42.5	0.2751
lmjm_0.4_rocchio_TFIDF	20	125	1.0	45.0	0.2748
lmjm_0.4_rocchio_TFIDF	20	130	1.0	5.0	0.2653
lmjm_0.4_rocchio_TFIDF	20	130	1.0	10.0	0.2744
lmjm_0.4_rocchio_TFIDF	20	130	1.0	15.0	0.2774
lmjm_0.4_rocchio_TFIDF	20	130	1.0	17.5	0.2755
lmjm_0.4_rocchio_TFIDF	20	130	1.0	20.0	0.2756
lmjm_0.4_rocchio_TFIDF	20	130	1.0	22.5	0.2759
lmjm_0.4_rocchio_TFIDF	20	130	1.0	25.0	0.2758
lmjm_0.4_rocchio_TFIDF	20	130	1.0	27.5	0.276
lmjm_0.4_rocchio_TFIDF	20	130	1.0	30.0	0.2757
lmjm_0.4_rocchio_TFIDF	20	130	1.0	32.5	0.2754
lmjm_0.4_rocchio_TFIDF	20	130	1.0	35.0	0.2755
lmjm_0.4_rocchio_TFIDF	20	130	1.0	37.5	0.2753
lmjm_0.4_rocchio_TFIDF	20	130	1.0	40.0	0.2753
lmjm_0.4_rocchio_TFIDF	20	130	1.0	42.5	0.2749
lmjm_0.4_rocchio_TFIDF	20	130	1.0	45.0	0.2746
lmjm_0.4_rocchio_TFIDF	20	135	1.0	5.0	0.2657
lmjm_0.4_rocchio_TFIDF	20	135	1.0	10.0	0.2748
lmjm_0.4_rocchio_TFIDF	20	135	1.0	15.0	0.2776
lmjm_0.4_rocchio_TFIDF	20	135	1.0	17.5	0.2761
lmjm_0.4_rocchio_TFIDF	20	135	1.0	20.0	0.276
lmjm_0.4_rocchio_TFIDF	20	135	1.0	22.5	0.2762
lmjm_0.4_rocchio_TFIDF	20	135	1.0	25.0	0.2763
lmjm_0.4_rocchio_TFIDF	20	135	1.0	27.5	0.2759
lmjm_0.4_rocchio_TFIDF	20	135	1.0	30.0	0.2763
lmjm_0.4_rocchio_TFIDF	20	135	1.0	32.5	0.2759
lmjm_0.4_rocchio_TFIDF	20	135	1.0	35.0	0.2759
lmjm_0.4_rocchio_TFIDF	20	135	1.0	37.5	0.2759
lmjm_0.4_rocchio_TFIDF	20	135	1.0	40.0	0.2755
lmjm_0.4_rocchio_TFIDF	20	135	1.0	42.5	0.2756
lmjm_0.4_rocchio_TFIDF	20	135	1.0	45.0	0.2756
lmjm_0.4_rocchio_TFIDF	20	140	1.0	5.0	0.2666
lmjm_0.4_rocchio_TFIDF	20	140	1.0	10.0	0.2751
lmjm_0.4_rocchio_TFIDF	20	140	1.0	15.0	0.2752
lmjm_0.4_rocchio_TFIDF	20	140	1.0	17.5	0.2753
lmjm_0.4_rocchio_TFIDF	20	140	1.0	20.0	0.2759
lmjm_0.4_rocchio_TFIDF	20	140	1.0	22.5	0.2764
lmjm_0.4_rocchio_TFIDF	20	140	1.0	25.0	0.2762
lmjm_0.4_rocchio_TFIDF	20	140	1.0	27.5	0.276
lmjm_0.4_rocchio_TFIDF	20	140	1.0	30.0	0.2763
lmjm_0.4_rocchio_TFIDF	20	140	1.0	32.5	0.2761
lmjm_0.4_rocchio_TFIDF	20	140	1.0	35.0	0.2759
lmjm_0.4_rocchio_TFIDF	20	140	1.0	37.5	0.2758
lmjm_0.4_rocchio_TFIDF	20	140	1.0	40.0	0.2755
lmjm_0.4_rocchio_TFIDF	20	140	1.0	42.5	0.2755
lmjm_0.4_rocchio_TFIDF	20	140	1.0	45.0	0.2752
lmjm_0.4_rocchio_TFIDF	20	145	1.0	5.0	0.2672
lmjm_0.4_rocchio_TFIDF	20	145	1.0	10.0	0.2759
lmjm_0.4_rocchio_TFIDF	20	145	1.0	15.0	0.2762
lmjm_0.4_rocchio_TFIDF	20	145	1.0	17.5	0.276
lmjm_0.4_rocchio_TFIDF	20	145	1.0	20.0	0.2765
lmjm_0.4_rocchio_TFIDF	20	145	1.0	22.5	0.2771
lmjm_0.4_rocchio_TFIDF	20	145	1.0	25.0	0.2775
lmjm_0.4_rocchio_TFIDF	20	145	1.0	27.5	0.277
lmjm_0.4_rocchio_TFIDF	20	145	1.0	30.0	0.2773
lmjm_0.4_rocchio_TFIDF	20	145	1.0	32.5	0.2772
lmjm_0.4_rocchio_TFIDF	20	145	1.0	35.0	0.2766
lmjm_0.4_rocchio_TFIDF	20	145	1.0	37.5	0.2763
lmjm_0.4_rocchio_TFIDF	20	145	1.0	40.0	0.2763
lmjm_0.4_rocchio_TFIDF	20	145	1.0	42.5	0.2761
lmjm_0.4_rocchio_TFIDF	20	145	1.0	45.0	0.2758
lmjm_0.4_rocchio_TFIDF	20	150	1.0	5.0	0.2672
lmjm_0.4_rocchio_TFIDF	20	150	1.0	10.0	0.2761
lmjm_0.4_rocchio_TFIDF	20	150	1.0	15.0	0.2761
lmjm_0.4_rocchio_TFIDF	20	150	1.0	17.5	0.2764
lmjm_0.4_rocchio_TFIDF	20	150	1.0	20.0	0.2772
lmjm_0.4_rocchio_TFIDF	20	150	1.0	22.5	0.2773
lmjm_0.4_rocchio_TFIDF	20	150	1.0	25.0	0.2773
lmjm_0.4_rocchio_TFIDF	20	150	1.0	27.5	0.2777
lmjm_0.4_rocchio_TFIDF	20	150	1.0	30.0	0.2773
lmjm_0.4_rocchio_TFIDF	20	150	1.0	32.5	0.2774
lmjm_0.4_rocchio_TFIDF	20	150	1.0	35.0	0.2766
lmjm_0.4_rocchio_TFIDF	20	150	1.0	37.5	0.2764
lmjm_0.4_rocchio_TFIDF	20	150	1.0	40.0	0.2762
lmjm_0.4_rocchio_TFIDF	20	150	1.0	42.5	0.2761
lmjm_0.4_rocchio_TFIDF	20	150	1.0	45.0	0.276
lmjm_0.4_rocchio_TFIDF	20	155	1.0	5.0	0.2673
lmjm_0.4_rocchio_TFIDF	20	155	1.0	7.5	0.272
lmjm_0.4_rocchio_TFIDF	20	155	1.0	10.0	0.2763
lmjm_0.4_rocchio_TFIDF	20	155	1.0	12.5	0.2769
lmjm_0.4_rocchio_TFIDF	20	155	1.0	15.0	0.2762
lmjm_0.4_rocchio_TFIDF	20	155	1.0	17.5	0.276
lmjm_0.4_rocchio_TFIDF	20	155	1.0	20.0	0.2768
lmjm_0.4_rocchio_TFIDF	20	155	1.0	22.5	0.2768
lmjm_0.4_rocchio_TFIDF	20	155	1.0	25.0	0.277
lmjm_0.4_rocchio_TFIDF	20	155	1.0	27.5	0.2776
lmjm_0.4_rocchio_TFIDF	20	155	1.0	30.0	0.2772
lmjm_0.4_rocchio_TFIDF	20	155	1.0	32.5	0.2771
lmjm_0.4_rocchio_TFIDF	20	155	1.0	35.0	0.2768
lmjm_0.4_rocchio_TFIDF	20	155	1.0	40.0	0.2759
lmjm_0.4_rocchio_TFIDF	20	155	1.0	45.0	0.2757
lmjm_0.4_rocchio_TFIDF	20	160	1.0	5.0	0.2676
lmjm_0.4_rocchio_TFIDF	20	160	1.0	10.0	0.2758
lmjm_0.4_rocchio_TFIDF	20	160	1.0	15.0	0.2761
lmjm_0.4_rocchio_TFIDF	20	160	1.0	17.5	0.2759
lmjm_0.4_rocchio_TFIDF	20	160	1.0	20.0	0.2766
lmjm_0.4_rocchio_TFIDF	20	160	1.0	22.5	0.2768
lmjm_0.4_rocchio_TFIDF	20	160	1.0	25.0	0.2769
lmjm_0.4_rocchio_TFIDF	20	160	1.0	27.5	0.2775
lmjm_0.4_rocchio_TFIDF	20	160	1.0	30.0	0.2772
lmjm_0.4_rocchio_TFIDF	20	160	1.0	32.5	0.2771
lmjm_0.4_rocchio_TFIDF	20	160	1.0	35.0	0.2769
lmjm_0.4_rocchio_TFIDF	20	160	1.0	37.5	0.2762
lmjm_0.4_rocchio_TFIDF	20	160	1.0	40.0	0.2763
lmjm_0.4_rocchio_TFIDF	20	160	1.0	42.5	0.276
lmjm_0.4_rocchio_TFIDF	20	160	1.0	45.0	0.2759
lmjm_0.4_rocchio_TFIDF	20	160	1.0	50.0	0.275
lmjm_0.4_rocchio_TFIDF	20	165	1.0	5.0	0.2677
lmjm_0.4_rocchio_TFIDF	20	165	1.0	10.0	0.2756
lmjm_0.4_rocchio_TFIDF	20	165	1.0	15.0	0.2764
lmjm_0.4_rocchio_TFIDF	20	165	1.0	17.5	0.2761
lmjm_0.4_rocchio_TFIDF	20	165	1.0	20.0	0.2767
lmjm_0.4_rocchio_TFIDF	20	165	1.0	22.5	0.2768
lmjm_0.4_rocchio_TFIDF	20	165	1.0	25.0	0.277
lmjm_0.4_rocchio_TFIDF	20	165	1.0	27.5	0.2777
lmjm_0.4_rocchio_TFIDF	20	165	1.0	30.0	0.2777
lmjm_0.4_rocchio_TFIDF	20	165	1.0	32.5	0.2773
lmjm_0.4_rocchio_TFIDF	20	165	1.0	35.0	0.2768
lmjm_0.4_rocchio_TFIDF	20	165	1.0	37.5	0.2763
lmjm_0.4_rocchio_TFIDF	20	165	1.0	40.0	0.2763
lmjm_0.4_rocchio_TFIDF	20	165	1.0	42.5	0.2763
lmjm_0.4_rocchio_TFIDF	20	165	1.0	45.0	0.276
lmjm_0.4_rocchio_TFIDF	25	50	1.0	5.0	0.2657
lmjm_0.4_rocchio_TFIDF	25	50	1.0	15.0	0.2717
lmjm_0.4_rocchio_TFIDF	25	50	1.0	20.0	0.273
lmjm_0.4_rocchio_TFIDF	25	50	1.0	25.0	0.2741
lmjm_0.4_rocchio_TFIDF	25	50	1.0	27.5	0.2752
lmjm_0.4_rocchio_TFIDF	25	50	1.0	30.0	0.2752
lmjm_0.4_rocchio_TFIDF	25	50	1.0	32.5	0.2755
lmjm_0.4_rocchio_TFIDF	25	50	1.0	35.0	0.2762
lmjm_0.4_rocchio_TFIDF	25	50	1.0	37.5	0.2767
lmjm_0.4_rocchio_TFIDF	25	50	1.0	40.0	0.2768
lmjm_0.4_rocchio_TFIDF	25	50	1.0	42.5	0.2765
lmjm_0.4_rocchio_TFIDF	25	50	1.0	45.0	0.2765
lmjm_0.4_rocchio_TFIDF	25	50	1.0	47.5	0.2765
lmjm_0.4_rocchio_TFIDF	25	50	1.0	50.0	0.2763
lmjm_0.4_rocchio_TFIDF	25	50	1.0	52.5	0.2762
lmjm_0.4_rocchio_TFIDF	25	60	1.0	5.0	0.2664
lmjm_0.4_rocchio_TFIDF	25	60	1.0	15.0	0.2747
lmjm_0.4_rocchio_TFIDF	25	60	1.0	20.0	0.2755
lmjm_0.4_rocchio_TFIDF	25	60	1.0	25.0	0.276
lmjm_0.4_rocchio_TFIDF	25	60	1.0	27.5	0.2769
lmjm_0.4_rocchio_TFIDF	25	60	1.0	30.0	0.2771
lmjm_0.4_rocchio_TFIDF	25	60	1.0	32.5	0.2777
lmjm_0.4_rocchio_TFIDF	25	60	1.0	35.0	0.2788
lmjm_0.4_rocchio_TFIDF	25	60	1.0	37.5	0.2787
lmjm_0.4_rocchio_TFIDF	25	60	1.0	40.0	0.2789
lmjm_0.4_rocchio_TFIDF	25	60	1.0	42.5	0.2786
lmjm_0.4_rocchio_TFIDF	25	60	1.0	45.0	0.2784
lmjm_0.4_rocchio_TFIDF	25	60	1.0	47.5	0.2779
lmjm_0.4_rocchio_TFIDF	25	60	1.0	50.0	0.2778
lmjm_0.4_rocchio_TFIDF	25	60	1.0	52.5	0.2779
lmjm_0.4_rocchio_TFIDF	25	65	1.0	5.0	0.2671
lmjm_0.4_rocchio_TFIDF	25	65	1.0	15.0	0.275
lmjm_0.4_rocchio_TFIDF	25	65	1.0	20.0	0.2757
lmjm_0.4_rocchio_TFIDF	25	65	1.0	25.0	0.2772
lmjm_0.4_rocchio_TFIDF	25	65	1.0	27.5	0.2769
lmjm_0.4_rocchio_TFIDF	25	65	1.0	30.0	0.2766
lmjm_0.4_rocchio_TFIDF	25	65	1.0	32.5	0.277
lmjm_0.4_rocchio_TFIDF	25	65	1.0	35.0	0.2781
lmjm_0.4_rocchio_TFIDF	25	65	1.0	37.5	0.2787
lmjm_0.4_rocchio_TFIDF	25	65	1.0	40.0	0.2786
lmjm_0.4_rocchio_TFIDF	25	65	1.0	42.5	0.2781
lmjm_0.4_rocchio_TFIDF	25	65	1.0	45.0	0.2778
lmjm_0.4_rocchio_TFIDF	25	65	1.0	47.5	0.2775
lmjm_0.4_rocchio_TFIDF	25	65	1.0	50.0	0.2776
lmjm_0.4_rocchio_TFIDF	25	65	1.0	52.5	0.2774
lmjm_0.4_rocchio_TFIDF	25	70	1.0	5.0	0.2674
lmjm_0.4_rocchio_TFIDF	25	70	1.0	15.0	0.2757
lmjm_0.4_rocchio_TFIDF	25	70	1.0	20.0	0.2761
lmjm_0.4_rocchio_TFIDF	25	70	1.0	25.0	0.277
lmjm_0.4_rocchio_TFIDF	25	70	1.0	27.5	0.2771
lmjm_0.4_rocchio_TFIDF	25	70	1.0	30.0	0.2773
lmjm_0.4_rocchio_TFIDF	25	70	1.0	32.5	0.2783
lmjm_0.4_rocchio_TFIDF	25	70	1.0	35.0	0.2791
lmjm_0.4_rocchio_TFIDF	25	70	1.0	37.5	0.279
lmjm_0.4_rocchio_TFIDF	25	70	1.0	40.0	0.2793
lmjm_0.4_rocchio_TFIDF	25	70	1.0	42.5	0.2796
lmjm_0.4_rocchio_TFIDF	25	70	1.0	45.0	0.2786
lmjm_0.4_rocchio_TFIDF	25	70	1.0	47.5	0.2786
lmjm_0.4_rocchio_TFIDF	25	70	1.0	50.0	0.2784
lmjm_0.4_rocchio_TFIDF	25	70	1.0	52.5	0.2783
lmjm_0.4_rocchio_TFIDF	25	75	1.0	5.0	0.2675
lmjm_0.4_rocchio_TFIDF	25	75	1.0	15.0	0.2766
lmjm_0.4_rocchio_TFIDF	25	75	1.0	17.5	0.2766
lmjm_0.4_rocchio_TFIDF	25	75	1.0	20.0	0.2765
lmjm_0.4_rocchio_TFIDF	25	75	1.0	22.5	0.2766
lmjm_0.4_rocchio_TFIDF	25	75	1.0	25.0	0.2773
lmjm_0.4_rocchio_TFIDF	25	75	1.0	27.5	0.278
lmjm_0.4_rocchio_TFIDF	25	75	1.0	30.0	0.2783
lmjm_0.4_rocchio_TFIDF	25	75	1.0	32.5	0.2789
lmjm_0.4_rocchio_TFIDF	25	75	1.0	35.0	0.2788
lmjm_0.4_rocchio_TFIDF	25	75	1.0	37.5	0.2793
lmjm_0.4_rocchio_TFIDF	25	75	1.0	40.0	0.2792
lmjm_0.4_rocchio_TFIDF	25	75	1.0	42.5	0.2785
lmjm_0.4_rocchio_TFIDF	25	75	1.0	45.0	0.2787
lmjm_0.4_rocchio_TFIDF	25	75	1.0	47.5	0.2786
lmjm_0.4_rocchio_TFIDF	25	75	1.0	50.0	0.2783
lmjm_0.4_rocchio_TFIDF	25	75	1.0	52.5	0.2782
lmjm_0.4_rocchio_TFIDF	25	80	1.0	5.0	0.2682
lmjm_0.4_rocchio_TFIDF	25	80	1.0	15.0	0.2765
lmjm_0.4_rocchio_TFIDF	25	80	1.0	17.5	0.2767
lmjm_0.4_rocchio_TFIDF	25	80	1.0	20.0	0.277
lmjm_0.4_rocchio_TFIDF	25	80	1.0	22.5	0.277
lmjm_0.4_rocchio_TFIDF	25	80	1.0	25.0	0.2776
lmjm_0.4_rocchio_TFIDF	25	80	1.0	27.5	0.2775
lmjm_0.4_rocchio_TFIDF	25	80	1.0	30.0	0.2787
lmjm_0.4_rocchio_TFIDF	25	80	1.0	32.5	0.2788
lmjm_0.4_rocchio_TFIDF	25	80	1.0	35.0	0.279
lmjm_0.4_rocchio_TFIDF	25	80	1.0	37.5	0.2786
lmjm_0.4_rocchio_TFIDF	25	80	1.0	40.0	0.2787
lmjm_0.4_rocchio_TFIDF	25	80	1.0	42.5	0.2787
lmjm_0.4_rocchio_TFIDF	25	80	1.0	45.0	0.2784
lmjm_0.4_rocchio_TFIDF	25	80	1.0	47.5	0.2783
lmjm_0.4_rocchio_TFIDF	25	80	1.0	50.0	0.2782
lmjm_0.4_rocchio_TFIDF	25	80	1.0	52.5	0.2782
lmjm_0.4_rocchio_TFIDF	25	85	1.0	5.0	0.2685
lmjm_0.4_rocchio_TFIDF	25	85	1.0	10.0	0.2758
lmjm_0.4_rocchio_TFIDF	25	85	1.0	15.0	0.2758
lmjm_0.4_rocchio_TFIDF	25	85	1.0	17.5	0.2765
lmjm_0.4_rocchio_TFIDF	25	85	1.0	20.0	0.2765
lmjm_0.4_rocchio_TFIDF	25	85	1.0	22.5	0.2774
lmjm_0.4_rocchio_TFIDF	25	85	1.0	25.0	0.2782
lmjm_0.4_rocchio_TFIDF	25	85	1.0	27.5	0.2776
lmjm_0.4_rocchio_TFIDF	25	85	1.0	30.0	0.2784
lmjm_0.4_rocchio_TFIDF	25	85	1.0	32.5	0.2785
lmjm_0.4_rocchio_TFIDF	25	85	1.0	35.0	0.2786
lmjm_0.4_rocchio_TFIDF	25	85	1.0	37.5	0.2787
lmjm_0.4_rocchio_TFIDF	25	85	1.0	40.0	0.2784
lmjm_0.4_rocchio_TFIDF	25	85	1.0	42.5	0.2783
lmjm_0.4_rocchio_TFIDF	25	85	1.0	45.0	0.2782
lmjm_0.4_rocchio_TFIDF	25	85	1.0	47.5	0.2783
lmjm_0.4_rocchio_TFIDF	25	85	1.0	50.0	0.278
lmjm_0.4_rocchio_TFIDF	25	85	1.0	52.5	0.278
lmjm_0.4_rocchio_TFIDF	25	90	1.0	5.0	0.2689
lmjm_0.4_rocchio_TFIDF	25	90	1.0	10.0	0.2756
lmjm_0.4_rocchio_TFIDF	25	90	1.0	15.0	0.2786
lmjm_0.4_rocchio_TFIDF	25	90	1.0	17.5	0.2795
lmjm_0.4_rocchio_TFIDF	25	90	1.0	20.0	0.2797
lmjm_0.4_rocchio_TFIDF	25	90	1.0	22.5	0.2785
lmjm_0.4_rocchio_TFIDF	25	90	1.0	25.0	0.2785
lmjm_0.4_rocchio_TFIDF	25	90	1.0	27.5	0.2786
lmjm_0.4_rocchio_TFIDF	25	90	1.0	30.0	0.2793
lmjm_0.4_rocchio_TFIDF	25	90	1.0	32.5	0.2786
lmjm_0.4_rocchio_TFIDF	25	90	1.0	35.0	0.2788
lmjm_0.4_rocchio_TFIDF	25	90	1.0	37.5	0.2791
lmjm_0.4_rocchio_TFIDF	25	90	1.0	40.0	0.279
lmjm_0.4_rocchio_TFIDF	25	90	1.0	42.5	0.2789
lmjm_0.4_rocchio_TFIDF	25	90	1.0	45.0	0.2789
lmjm_0.4_rocchio_TFIDF	25	90	1.0	50.0	0.2781
lmjm_0.4_rocchio_TFIDF	25	95	1.0	5.0	0.2685
lmjm_0.4_rocchio_TFIDF	25	95	1.0	10.0	0.2751
lmjm_0.4_rocchio_TFIDF	25	95	1.0	15.0	0.2785
lmjm_0.4_rocchio_TFIDF	25	95	1.0	17.5	0.2793
lmjm_0.4_rocchio_TFIDF	25	95	1.0	20.0	0.2794
lmjm_0.4_rocchio_TFIDF	25	95	1.0	22.5	0.2799
lmjm_0.4_rocchio_TFIDF	25	95	1.0	25.0	0.2806
lmjm_0.4_rocchio_TFIDF	25	95	1.0	27.5	0.2806
lmjm_0.4_rocchio_TFIDF	25	95	1.0	30.0	0.2779
lmjm_0.4_rocchio_TFIDF	25	95	1.0	32.5	0.2781
lmjm_0.4_rocchio_TFIDF	25	95	1.0	35.0	0.2781
lmjm_0.4_rocchio_TFIDF	25	95	1.0	37.5	0.2785
lmjm_0.4_rocchio_TFIDF	25	95	1.0	40.0	0.278
lmjm_0.4_rocchio_TFIDF	25	95	1.0	42.5	0.2779
lmjm_0.4_rocchio_TFIDF	25	95	1.0	45.0	0.2776
lmjm_0.4_rocchio_TFIDF	25	100	1.0	5.0	0.269
lmjm_0.4_rocchio_TFIDF	25	100	1.0	10.0	0.2756
lmjm_0.4_rocchio_TFIDF	25	100	1.0	15.0	0.2789
lmjm_0.4_rocchio_TFIDF	25	100	1.0	17.5	0.2797
lmjm_0.4_rocchio_TFIDF	25	100	1.0	20.0	0.281
lmjm_0.4_rocchio_TFIDF	25	100	1.0	22.5	0.2782
lmjm_0.4_rocchio_TFIDF	25	100	1.0	25.0	0.2779
lmjm_0.4_rocchio_TFIDF	25	100	1.0	27.5	0.2777
lmjm_0.4_rocchio_TFIDF	25	100	1.0	30.0	0.2783
lmjm_0.4_rocchio_TFIDF	25	100	1.0	32.5	0.2785
lmjm_0.4_rocchio_TFIDF	25	100	1.0	35.0	0.2785
lmjm_0.4_rocchio_TFIDF	25	100	1.0	37.5	0.2789
lmjm_0.4_rocchio_TFIDF	25	100	1.0	40.0	0.2788
lmjm_0.4_rocchio_TFIDF	25	100	1.0	42.5	0.2783
lmjm_0.4_rocchio_TFIDF	25	100	1.0	45.0	0.2779
lmjm_0.4_rocchio_TFIDF	25	105	1.0	5.0	0.269
lmjm_0.4_rocchio_TFIDF	25	105	1.0	10.0	0.2757
lmjm_0.4_rocchio_TFIDF	25	105	1.0	15.0	0.2791
lmjm_0.4_rocchio_TFIDF	25	105	1.0	17.5	0.2775
lmjm_0.4_rocchio_TFIDF	25	105	1.0	20.0	0.2782
lmjm_0.4_rocchio_TFIDF	25	105	1.0	22.5	0.2781
lmjm_0.4_rocchio_TFIDF	25	105	1.0	25.0	0.2781
lmjm_0.4_rocchio_TFIDF	25	105	1.0	27.5	0.2778
lmjm_0.4_rocchio_TFIDF	25	105	1.0	30.0	0.2783
lmjm_0.4_rocchio_TFIDF	25	105	1.0	32.5	0.2784
lmjm_0.4_rocchio_TFIDF	25	105	1.0	35.0	0.2781
lmjm_0.4_rocchio_TFIDF	25	105	1.0	37.5	0.2785
lmjm_0.4_rocchio_TFIDF	25	105	1.0	40.0	0.2784
lmjm_0.4_rocchio_TFIDF	25	105	1.0	42.5	0.2778
lmjm_0.4_rocchio_TFIDF	25	105	1.0	45.0	0.2779
lmjm_0.4_rocchio_TFIDF	25	105	1.0	50.0	0.2777
lmjm_0.4_rocchio_TFIDF	25	110	1.0	5.0	0.2691
lmjm_0.4_rocchio_TFIDF	25	110	1.0	10.0	0.2755
lmjm_0.4_rocchio_TFIDF	25	110	1.0	15.0	0.279
lmjm_0.4_rocchio_TFIDF	25	110	1.0	17.5	0.2771
lmjm_0.4_rocchio_TFIDF	25	110	1.0	20.0	0.2779
lmjm_0.4_rocchio_TFIDF	25	110	1.0	22.5	0.2771
lmjm_0.4_rocchio_TFIDF	25	110	1.0	25.0	0.2771
lmjm_0.4_rocchio_TFIDF	25	110	1.0	27.5	0.2772
lmjm_0.4_rocchio_TFIDF	25	110	1.0	30.0	0.2776
lmjm_0.4_rocchio_TFIDF	25	110	1.0	32.5	0.2777
lmjm_0.4_rocchio_TFIDF	25	110	1.0	35.0	0.2776
lmjm_0.4_rocchio_TFIDF	25	110	1.0	37.5	0.2776
lmjm_0.4_rocchio_TFIDF	25	110	1.0	40.0	0.2773
lmjm_0.4_rocchio_TFIDF	25	110	1.0	42.5	0.277
lmjm_0.4_rocchio_TFIDF	25	110	1.0	45.0	0.2769
lmjm_0.4_rocchio_TFIDF	25	120	1.0	5.0	0.2694
lmjm_0.4_rocchio_TFIDF	25	120	1.0	10.0	0.2755
lmjm_0.4_rocchio_TFIDF	25	120	1.0	15.0	0.2792
lmjm_0.4_rocchio_TFIDF	25	120	1.0	17.5	0.2772
lmjm_0.4_rocchio_TFIDF	25	120	1.0	20.0	0.2777
lmjm_0.4_rocchio_TFIDF	25	120	1.0	22.5	0.2766
lmjm_0.4_rocchio_TFIDF	25	120	1.0	25.0	0.2776
lmjm_0.4_rocchio_TFIDF	25	120	1.0	27.5	0.2778
lmjm_0.4_rocchio_TFIDF	25	120	1.0	30.0	0.2783
lmjm_0.4_rocchio_TFIDF	25	120	1.0	32.5	0.2782
lmjm_0.4_rocchio_TFIDF	25	120	1.0	35.0	0.2782
lmjm_0.4_rocchio_TFIDF	25	120	1.0	37.5	0.2781
lmjm_0.4_rocchio_TFIDF	25	120	1.0	40.0	0.278
lmjm_0.4_rocchio_TFIDF	25	120	1.0	42.5	0.2779
lmjm_0.4_rocchio_TFIDF	25	120	1.0	45.0	0.2775
lmjm_0.4_rocchio_TFIDF	25	125	1.0	5.0	0.2691
lmjm_0.4_rocchio_TFIDF	25	125	1.0	7.5	0.2715
lmjm_0.4_rocchio_TFIDF	25	125	1.0	10.0	0.2756
lmjm_0.4_rocchio_TFIDF	25	125	1.0	12.5	0.2778
lmjm_0.4_rocchio_TFIDF	25	125	1.0	15.0	0.2791
lmjm_0.4_rocchio_TFIDF	25	125	1.0	17.5	0.2769
lmjm_0.4_rocchio_TFIDF	25	125	1.0	20.0	0.2778
lmjm_0.4_rocchio_TFIDF	25	125	1.0	22.5	0.2766
lmjm_0.4_rocchio_TFIDF	25	125	1.0	25.0	0.2779
lmjm_0.4_rocchio_TFIDF	25	125	1.0	27.5	0.2785
lmjm_0.4_rocchio_TFIDF	25	125	1.0	30.0	0.2781
lmjm_0.4_rocchio_TFIDF	25	125	1.0	32.5	0.2782
lmjm_0.4_rocchio_TFIDF	25	125	1.0	35.0	0.2781
lmjm_0.4_rocchio_TFIDF	25	125	1.0	37.5	0.2777
lmjm_0.4_rocchio_TFIDF	25	125	1.0	40.0	0.2781
lmjm_0.4_rocchio_TFIDF	25	125	1.0	42.5	0.2779
lmjm_0.4_rocchio_TFIDF	25	125	1.0	45.0	0.2775
lmjm_0.4_rocchio_TFIDF	25	130	1.0	5.0	0.2693
lmjm_0.4_rocchio_TFIDF	25	130	1.0	10.0	0.2753
lmjm_0.4_rocchio_TFIDF	25	130	1.0	15.0	0.2792
lmjm_0.4_rocchio_TFIDF	25	130	1.0	17.5	0.2796
lmjm_0.4_rocchio_TFIDF	25	130	1.0	20.0	0.2779
lmjm_0.4_rocchio_TFIDF	25	130	1.0	22.5	0.278
lmjm_0.4_rocchio_TFIDF	25	130	1.0	25.0	0.2781
lmjm_0.4_rocchio_TFIDF	25	130	1.0	27.5	0.2784
lmjm_0.4_rocchio_TFIDF	25	130	1.0	30.0	0.2788
lmjm_0.4_rocchio_TFIDF	25	130	1.0	32.5	0.2781
lmjm_0.4_rocchio_TFIDF	25	130	1.0	35.0	0.2782
lmjm_0.4_rocchio_TFIDF	25	130	1.0	37.5	0.2781
lmjm_0.4_rocchio_TFIDF	25	130	1.0	40.0	0.2784
lmjm_0.4_rocchio_TFIDF	25	130	1.0	42.5	0.2782
lmjm_0.4_rocchio_TFIDF	25	130	1.0	45.0	0.2778
lmjm_0.4_rocchio_TFIDF	25	135	1.0	5.0	0.269
lmjm_0.4_rocchio_TFIDF	25	135	1.0	10.0	0.2751
lmjm_0.4_rocchio_TFIDF	25	135	1.0	15.0	0.2786
lmjm_0.4_rocchio_TFIDF	25	135	1.0	17.5	0.279
lmjm_0.4_rocchio_TFIDF	25	135	1.0	20.0	0.2774
lmjm_0.4_rocchio_TFIDF	25	135	1.0	22.5	0.2778
lmjm_0.4_rocchio_TFIDF	25	135	1.0	25.0	0.2776
lmjm_0.4_rocchio_TFIDF	25	135	1.0	27.5	0.2784
lmjm_0.4_rocchio_TFIDF	25	135	1.0	30.0	0.2791
lmjm_0.4_rocchio_TFIDF	25	135	1.0	32.5	0.278
lmjm_0.4_rocchio_TFIDF	25	135	1.0	35.0	0.278
lmjm_0.4_rocchio_TFIDF	25	135	1.0	37.5	0.2783
lmjm_0.4_rocchio_TFIDF	25	135	1.0	40.0	0.278
lmjm_0.4_rocchio_TFIDF	25	135	1.0	42.5	0.2776
lmjm_0.4_rocchio_TFIDF	25	135	1.0	45.0	0.2774
lmjm_0.4_rocchio_TFIDF	25	140	1.0	5.0	0.2693
lmjm_0.4_rocchio_TFIDF	25	140	1.0	10.0	0.2749
lmjm_0.4_rocchio_TFIDF	25	140	1.0	15.0	0.2783
lmjm_0.4_rocchio_TFIDF	25	140	1.0	17.5	0.2791
lmjm_0.4_rocchio_TFIDF	25	140	1.0	20.0	0.2778
lmjm_0.4_rocchio_TFIDF	25	140	1.0	22.5	0.278
lmjm_0.4_rocchio_TFIDF	25	140	1.0	25.0	0.2779
lmjm_0.4_rocchio_TFIDF	25	140	1.0	27.5	0.2782
lmjm_0.4_rocchio_TFIDF	25	140	1.0	30.0	0.2784
lmjm_0.4_rocchio_TFIDF	25	140	1.0	32.5	0.2785
lmjm_0.4_rocchio_TFIDF	25	140	1.0	35.0	0.2787
lmjm_0.4_rocchio_TFIDF	25	140	1.0	37.5	0.2788
lmjm_0.4_rocchio_TFIDF	25	140	1.0	40.0	0.2786
lmjm_0.4_rocchio_TFIDF	25	140	1.0	42.5	0.278
lmjm_0.4_rocchio_TFIDF	25	140	1.0	45.0	0.2776
lmjm_0.4_rocchio_TFIDF	25	145	1.0	5.0	0.2694
lmjm_0.4_rocchio_TFIDF	25	145	1.0	10.0	0.2752
lmjm_0.4_rocchio_TFIDF	25	145	1.0	15.0	0.2788
lmjm_0.4_rocchio_TFIDF	25	145	1.0	17.5	0.277
lmjm_0.4_rocchio_TFIDF	25	145	1.0	20.0	0.2777
lmjm_0.4_rocchio_TFIDF	25	145	1.0	22.5	0.2781
lmjm_0.4_rocchio_TFIDF	25	145	1.0	25.0	0.279
lmjm_0.4_rocchio_TFIDF	25	145	1.0	27.5	0.2784
lmjm_0.4_rocchio_TFIDF	25	145	1.0	30.0	0.2791
lmjm_0.4_rocchio_TFIDF	25	145	1.0	32.5	0.2791
lmjm_0.4_rocchio_TFIDF	25	145	1.0	35.0	0.2791
lmjm_0.4_rocchio_TFIDF	25	145	1.0	37.5	0.2789
lmjm_0.4_rocchio_TFIDF	25	145	1.0	40.0	0.2789
lmjm_0.4_rocchio_TFIDF	25	145	1.0	42.5	0.2783
lmjm_0.4_rocchio_TFIDF	25	145	1.0	45.0	0.2783
lmjm_0.4_rocchio_TFIDF	25	150	1.0	5.0	0.2694
lmjm_0.4_rocchio_TFIDF	25	150	1.0	10.0	0.2752
lmjm_0.4_rocchio_TFIDF	25	150	1.0	15.0	0.2786
lmjm_0.4_rocchio_TFIDF	25	150	1.0	17.5	0.2794
lmjm_0.4_rocchio_TFIDF	25	150	1.0	20.0	0.2778
lmjm_0.4_rocchio_TFIDF	25	150	1.0	22.5	0.2778
lmjm_0.4_rocchio_TFIDF	25	150	1.0	25.0	0.2789
lmjm_0.4_rocchio_TFIDF	25	150	1.0	27.5	0.2785
lmjm_0.4_rocchio_TFIDF	25	150	1.0	30.0	0.279
lmjm_0.4_rocchio_TFIDF	25	150	1.0	32.5	0.2792
lmjm_0.4_rocchio_TFIDF	25	150	1.0	35.0	0.2785
lmjm_0.4_rocchio_TFIDF	25	150	1.0	37.5	0.2787
lmjm_0.4_rocchio_TFIDF	25	150	1.0	40.0	0.2787
lmjm_0.4_rocchio_TFIDF	25	150	1.0	42.5	0.2779
lmjm_0.4_rocchio_TFIDF	25	150	1.0	45.0	0.2779
lmjm_0.4_rocchio_TFIDF	25	155	1.0	5.0	0.2696
lmjm_0.4_rocchio_TFIDF	25	155	1.0	7.5	0.2725
lmjm_0.4_rocchio_TFIDF	25	155	1.0	10.0	0.2755
lmjm_0.4_rocchio_TFIDF	25	155	1.0	12.5	0.2776
lmjm_0.4_rocchio_TFIDF	25	155	1.0	15.0	0.2786
lmjm_0.4_rocchio_TFIDF	25	155	1.0	17.5	0.2799
lmjm_0.4_rocchio_TFIDF	25	155	1.0	20.0	0.2778
lmjm_0.4_rocchio_TFIDF	25	155	1.0	22.5	0.278
lmjm_0.4_rocchio_TFIDF	25	155	1.0	25.0	0.2789
lmjm_0.4_rocchio_TFIDF	25	155	1.0	27.5	0.278
lmjm_0.4_rocchio_TFIDF	25	155	1.0	30.0	0.2787
lmjm_0.4_rocchio_TFIDF	25	155	1.0	32.5	0.2789
lmjm_0.4_rocchio_TFIDF	25	155	1.0	35.0	0.2788
lmjm_0.4_rocchio_TFIDF	25	155	1.0	37.5	0.2788
lmjm_0.4_rocchio_TFIDF	25	155	1.0	40.0	0.2787
lmjm_0.4_rocchio_TFIDF	25	155	1.0	42.5	0.2781
lmjm_0.4_rocchio_TFIDF	25	155	1.0	45.0	0.278
lmjm_0.4_rocchio_TFIDF	25	160	1.0	5.0	0.2697
lmjm_0.4_rocchio_TFIDF	25	160	1.0	10.0	0.2758
lmjm_0.4_rocchio_TFIDF	25	160	1.0	15.0	0.2787
lmjm_0.4_rocchio_TFIDF	25	160	1.0	17.5	0.2777
lmjm_0.4_rocchio_TFIDF	25	160	1.0	20.0	0.2779
lmjm_0.4_rocchio_TFIDF	25	160	1.0	22.5	0.2783
lmjm_0.4_rocchio_TFIDF	25	160	1.0	25.0	0.2793
lmjm_0.4_rocchio_TFIDF	25	160	1.0	27.5	0.2784
lmjm_0.4_rocchio_TFIDF	25	160	1.0	30.0	0.2789
lmjm_0.4_rocchio_TFIDF	25	160	1.0	32.5	0.2787
lmjm_0.4_rocchio_TFIDF	25	160	1.0	35.0	0.2791
lmjm_0.4_rocchio_TFIDF	25	160	1.0	37.5	0.279
lmjm_0.4_rocchio_TFIDF	25	160	1.0	40.0	0.2785
lmjm_0.4_rocchio_TFIDF	25	160	1.0	42.5	0.278
lmjm_0.4_rocchio_TFIDF	25	160	1.0	45.0	0.2776
lmjm_0.4_rocchio_TFIDF	25	165	1.0	5.0	0.2699
lmjm_0.4_rocchio_TFIDF	25	165	1.0	10.0	0.2759
lmjm_0.4_rocchio_TFIDF	25	165	1.0	15.0	0.2787
lmjm_0.4_rocchio_TFIDF	25	165	1.0	17.5	0.2777
lmjm_0.4_rocchio_TFIDF	25	165	1.0	20.0	0.278
lmjm_0.4_rocchio_TFIDF	25	165	1.0	22.5	0.2781
lmjm_0.4_rocchio_TFIDF	25	165	1.0	25.0	0.2784
lmjm_0.4_rocchio_TFIDF	25	165	1.0	27.5	0.2786
lmjm_0.4_rocchio_TFIDF	25	165	1.0	30.0	0.2794
lmjm_0.4_rocchio_TFIDF	25	165	1.0	32.5	0.2791
lmjm_0.4_rocchio_TFIDF	25	165	1.0	35.0	0.279
lmjm_0.4_rocchio_TFIDF	25	165	1.0	37.5	0.2792
lmjm_0.4_rocchio_TFIDF	25	165	1.0	40.0	0.2791
lmjm_0.4_rocchio_TFIDF	25	165	1.0	42.5	0.278
lmjm_0.4_rocchio_TFIDF	25	165	1.0	45.0	0.2781
lmjm_0.4_rocchio_TFIDF	30	50	1.0	5.0	0.2683
lmjm_0.4_rocchio_TFIDF	30	50	1.0	15.0	0.274
lmjm_0.4_rocchio_TFIDF	30	50	1.0	20.0	0.2752
lmjm_0.4_rocchio_TFIDF	30	50	1.0	25.0	0.2753
lmjm_0.4_rocchio_TFIDF	30	50	1.0	27.5	0.276
lmjm_0.4_rocchio_TFIDF	30	50	1.0	30.0	0.2758
lmjm_0.4_rocchio_TFIDF	30	50	1.0	32.5	0.2764
lmjm_0.4_rocchio_TFIDF	30	50	1.0	35.0	0.2765
lmjm_0.4_rocchio_TFIDF	30	50	1.0	37.5	0.277
lmjm_0.4_rocchio_TFIDF	30	50	1.0	40.0	0.2771
lmjm_0.4_rocchio_TFIDF	30	50	1.0	42.5	0.277
lmjm_0.4_rocchio_TFIDF	30	50	1.0	45.0	0.2767
lmjm_0.4_rocchio_TFIDF	30	50	1.0	47.5	0.2763
lmjm_0.4_rocchio_TFIDF	30	50	1.0	50.0	0.2765
lmjm_0.4_rocchio_TFIDF	30	50	1.0	52.5	0.2761
lmjm_0.4_rocchio_TFIDF	30	60	1.0	5.0	0.2701
lmjm_0.4_rocchio_TFIDF	30	60	1.0	15.0	0.2779
lmjm_0.4_rocchio_TFIDF	30	60	1.0	20.0	0.2772
lmjm_0.4_rocchio_TFIDF	30	60	1.0	25.0	0.2784
lmjm_0.4_rocchio_TFIDF	30	60	1.0	27.5	0.279
lmjm_0.4_rocchio_TFIDF	30	60	1.0	30.0	0.2791
lmjm_0.4_rocchio_TFIDF	30	60	1.0	32.5	0.2793
lmjm_0.4_rocchio_TFIDF	30	60	1.0	35.0	0.2795
lmjm_0.4_rocchio_TFIDF	30	60	1.0	37.5	0.2787
lmjm_0.4_rocchio_TFIDF	30	60	1.0	40.0	0.2784
lmjm_0.4_rocchio_TFIDF	30	60	1.0	42.5	0.2783
lmjm_0.4_rocchio_TFIDF	30	60	1.0	45.0	0.2782
lmjm_0.4_rocchio_TFIDF	30	60	1.0	47.5	0.2777
lmjm_0.4_rocchio_TFIDF	30	60	1.0	50.0	0.2775
lmjm_0.4_rocchio_TFIDF	30	60	1.0	52.5	0.2773
lmjm_0.4_rocchio_TFIDF	30	70	1.0	5.0	0.2708
lmjm_0.4_rocchio_TFIDF	30	70	1.0	15.0	0.2787
lmjm_0.4_rocchio_TFIDF	30	70	1.0	20.0	0.2775
lmjm_0.4_rocchio_TFIDF	30	70	1.0	25.0	0.2797
lmjm_0.4_rocchio_TFIDF	30	70	1.0	27.5	0.2799
lmjm_0.4_rocchio_TFIDF	30	70	1.0	30.0	0.2802
lmjm_0.4_rocchio_TFIDF	30	70	1.0	32.5	0.2808
lmjm_0.4_rocchio_TFIDF	30	70	1.0	35.0	0.2809
lmjm_0.4_rocchio_TFIDF	30	70	1.0	37.5	0.2808
lmjm_0.4_rocchio_TFIDF	30	70	1.0	40.0	0.2809
lmjm_0.4_rocchio_TFIDF	30	70	1.0	42.5	0.2808
lmjm_0.4_rocchio_TFIDF	30	70	1.0	45.0	0.2803
lmjm_0.4_rocchio_TFIDF	30	70	1.0	47.5	0.2797
lmjm_0.4_rocchio_TFIDF	30	70	1.0	50.0	0.2796
lmjm_0.4_rocchio_TFIDF	30	70	1.0	52.5	0.2795
lmjm_0.4_rocchio_TFIDF	30	80	1.0	5.0	0.2708
lmjm_0.4_rocchio_TFIDF	30	80	1.0	10.0	0.2762
lmjm_0.4_rocchio_TFIDF	30	80	1.0	15.0	0.2794
lmjm_0.4_rocchio_TFIDF	30	80	1.0	17.5	0.2777
lmjm_0.4_rocchio_TFIDF	30	80	1.0	20.0	0.2784
lmjm_0.4_rocchio_TFIDF	30	80	1.0	22.5	0.2781
lmjm_0.4_rocchio_TFIDF	30	80	1.0	25.0	0.278
lmjm_0.4_rocchio_TFIDF	30	80	1.0	27.5	0.2787
lmjm_0.4_rocchio_TFIDF	30	80	1.0	30.0	0.2789
lmjm_0.4_rocchio_TFIDF	30	80	1.0	32.5	0.2793
lmjm_0.4_rocchio_TFIDF	30	80	1.0	35.0	0.2785
lmjm_0.4_rocchio_TFIDF	30	80	1.0	37.5	0.2786
lmjm_0.4_rocchio_TFIDF	30	80	1.0	40.0	0.2788
lmjm_0.4_rocchio_TFIDF	30	80	1.0	42.5	0.2786
lmjm_0.4_rocchio_TFIDF	30	80	1.0	45.0	0.278
lmjm_0.4_rocchio_TFIDF	30	85	1.0	5.0	0.2713
lmjm_0.4_rocchio_TFIDF	30	85	1.0	10.0	0.2769
lmjm_0.4_rocchio_TFIDF	30	85	1.0	15.0	0.2797
lmjm_0.4_rocchio_TFIDF	30	85	1.0	17.5	0.2806
lmjm_0.4_rocchio_TFIDF	30	85	1.0	20.0	0.2813
lmjm_0.4_rocchio_TFIDF	30	85	1.0	22.5	0.2799
lmjm_0.4_rocchio_TFIDF	30	85	1.0	25.0	0.2803
lmjm_0.4_rocchio_TFIDF	30	85	1.0	27.5	0.2802
lmjm_0.4_rocchio_TFIDF	30	85	1.0	30.0	0.2799
lmjm_0.4_rocchio_TFIDF	30	85	1.0	32.5	0.2799
lmjm_0.4_rocchio_TFIDF	30	85	1.0	35.0	0.2796
lmjm_0.4_rocchio_TFIDF	30	85	1.0	37.5	0.279
lmjm_0.4_rocchio_TFIDF	30	85	1.0	40.0	0.2792
lmjm_0.4_rocchio_TFIDF	30	85	1.0	42.5	0.2791
lmjm_0.4_rocchio_TFIDF	30	85	1.0	45.0	0.2791
lmjm_0.4_rocchio_TFIDF	30	90	1.0	5.0	0.2716
lmjm_0.4_rocchio_TFIDF	30	90	1.0	10.0	0.2767
lmjm_0.4_rocchio_TFIDF	30	90	1.0	15.0	0.2798
lmjm_0.4_rocchio_TFIDF	30	90	1.0	17.5	0.2809
lmjm_0.4_rocchio_TFIDF	30	90	1.0	20.0	0.2815
lmjm_0.4_rocchio_TFIDF	30	90	1.0	22.5	0.2822
lmjm_0.4_rocchio_TFIDF	30	90	1.0	25.0	0.2827
lmjm_0.4_rocchio_TFIDF	30	90	1.0	27.5	0.2793
lmjm_0.4_rocchio_TFIDF	30	90	1.0	30.0	0.2791
lmjm_0.4_rocchio_TFIDF	30	90	1.0	32.5	0.2793
lmjm_0.4_rocchio_TFIDF	30	90	1.0	35.0	0.2792
lmjm_0.4_rocchio_TFIDF	30	90	1.0	37.5	0.2795
lmjm_0.4_rocchio_TFIDF	30	90	1.0	40.0	0.2794
lmjm_0.4_rocchio_TFIDF	30	90	1.0	42.5	0.279
lmjm_0.4_rocchio_TFIDF	30	90	1.0	45.0	0.279
lmjm_0.4_rocchio_TFIDF	30	95	1.0	5.0	0.2715
lmjm_0.4_rocchio_TFIDF	30	95	1.0	10.0	0.2765
lmjm_0.4_rocchio_TFIDF	30	95	1.0	15.0	0.28
lmjm_0.4_rocchio_TFIDF	30	95	1.0	17.5	0.2805
lmjm_0.4_rocchio_TFIDF	30	95	1.0	20.0	0.281
lmjm_0.4_rocchio_TFIDF	30	95	1.0	22.5	0.282
lmjm_0.4_rocchio_TFIDF	30	95	1.0	25.0	0.2827
lmjm_0.4_rocchio_TFIDF	30	95	1.0	27.5	0.2828
lmjm_0.4_rocchio_TFIDF	30	95	1.0	30.0	0.2802
lmjm_0.4_rocchio_TFIDF	30	95	1.0	32.5	0.2795
lmjm_0.4_rocchio_TFIDF	30	95	1.0	35.0	0.2796
lmjm_0.4_rocchio_TFIDF	30	95	1.0	37.5	0.2798
lmjm_0.4_rocchio_TFIDF	30	95	1.0	40.0	0.2798
lmjm_0.4_rocchio_TFIDF	30	95	1.0	42.5	0.2793
lmjm_0.4_rocchio_TFIDF	30	95	1.0	45.0	0.2793
lmjm_0.4_rocchio_TFIDF	30	100	1.0	5.0	0.2716
lmjm_0.4_rocchio_TFIDF	30	100	1.0	15.0	0.28
lmjm_0.4_rocchio_TFIDF	30	100	1.0	17.5	0.2807
lmjm_0.4_rocchio_TFIDF	30	100	1.0	20.0	0.2819
lmjm_0.4_rocchio_TFIDF	30	100	1.0	22.5	0.2826
lmjm_0.4_rocchio_TFIDF	30	100	1.0	25.0	0.2833
lmjm_0.4_rocchio_TFIDF	30	100	1.0	27.5	0.2832
lmjm_0.4_rocchio_TFIDF	30	100	1.0	30.0	0.2809
lmjm_0.4_rocchio_TFIDF	30	100	1.0	32.5	0.2811
lmjm_0.4_rocchio_TFIDF	30	100	1.0	35.0	0.281
lmjm_0.4_rocchio_TFIDF	30	100	1.0	37.5	0.281
lmjm_0.4_rocchio_TFIDF	30	100	1.0	40.0	0.2805
lmjm_0.4_rocchio_TFIDF	30	100	1.0	42.5	0.2803
lmjm_0.4_rocchio_TFIDF	30	100	1.0	45.0	0.2803
lmjm_0.4_rocchio_TFIDF	30	100	1.0	50.0	0.2801
lmjm_0.4_rocchio_TFIDF	30	105	1.0	5.0	0.2717
lmjm_0.4_rocchio_TFIDF	30	105	1.0	10.0	0.2771
lmjm_0.4_rocchio_TFIDF	30	105	1.0	15.0	0.2807
lmjm_0.4_rocchio_TFIDF	30	105	1.0	17.5	0.2816
lmjm_0.4_rocchio_TFIDF	30	105	1.0	20.0	0.2821
lmjm_0.4_rocchio_TFIDF	30	105	1.0	22.5	0.2826
lmjm_0.4_rocchio_TFIDF	30	105	1.0	25.0	0.2831
lmjm_0.4_rocchio_TFIDF	30	105	1.0	27.5	0.2809
lmjm_0.4_rocchio_TFIDF	30	105	1.0	30.0	0.2811
lmjm_0.4_rocchio_TFIDF	30	105	1.0	32.5	0.281
lmjm_0.4_rocchio_TFIDF	30	105	1.0	35.0	0.2812
lmjm_0.4_rocchio_TFIDF	30	105	1.0	37.5	0.2804
lmjm_0.4_rocchio_TFIDF	30	105	1.0	40.0	0.2799
lmjm_0.4_rocchio_TFIDF	30	105	1.0	42.5	0.2796
lmjm_0.4_rocchio_TFIDF	30	105	1.0	45.0	0.2797
lmjm_0.4_rocchio_TFIDF	30	110	1.0	5.0	0.2722
lmjm_0.4_rocchio_TFIDF	30	110	1.0	7.5	0.2776
lmjm_0.4_rocchio_TFIDF	30	110	1.0	10.0	0.2768
lmjm_0.4_rocchio_TFIDF	30	110	1.0	12.5	0.2792
lmjm_0.4_rocchio_TFIDF	30	110	1.0	15.0	0.2806
lmjm_0.4_rocchio_TFIDF	30	110	1.0	17.5	0.2815
lmjm_0.4_rocchio_TFIDF	30	110	1.0	20.0	0.2822
lmjm_0.4_rocchio_TFIDF	30	110	1.0	22.5	0.2826
lmjm_0.4_rocchio_TFIDF	30	110	1.0	25.0	0.2796
lmjm_0.4_rocchio_TFIDF	30	110	1.0	27.5	0.28
lmjm_0.4_rocchio_TFIDF	30	110	1.0	30.0	0.2799
lmjm_0.4_rocchio_TFIDF	30	110	1.0	32.5	0.28
lmjm_0.4_rocchio_TFIDF	30	110	1.0	35.0	0.2803
lmjm_0.4_rocchio_TFIDF	30	110	1.0	37.5	0.28
lmjm_0.4_rocchio_TFIDF	30	110	1.0	40.0	0.2799
lmjm_0.4_rocchio_TFIDF	30	110	1.0	42.5	0.2796
lmjm_0.4_rocchio_TFIDF	30	110	1.0	45.0	0.2793
lmjm_0.4_rocchio_TFIDF	30	115	1.0	5.0	0.2713
lmjm_0.4_rocchio_TFIDF	30	115	1.0	10.0	0.2769
lmjm_0.4_rocchio_TFIDF	30	115	1.0	15.0	0.2802
lmjm_0.4_rocchio_TFIDF	30	115	1.0	17.5	0.2811
lmjm_0.4_rocchio_TFIDF	30	115	1.0	20.0	0.2819
lmjm_0.4_rocchio_TFIDF	30	115	1.0	22.5	0.2799
lmjm_0.4_rocchio_TFIDF	30	115	1.0	25.0	0.2792
lmjm_0.4_rocchio_TFIDF	30	115	1.0	27.5	0.279
lmjm_0.4_rocchio_TFIDF	30	115	1.0	30.0	0.2792
lmjm_0.4_rocchio_TFIDF	30	115	1.0	32.5	0.2795
lmjm_0.4_rocchio_TFIDF	30	115	1.0	35.0	0.2797
lmjm_0.4_rocchio_TFIDF	30	115	1.0	37.5	0.2794
lmjm_0.4_rocchio_TFIDF	30	115	1.0	40.0	0.2795
lmjm_0.4_rocchio_TFIDF	30	115	1.0	42.5	0.279
lmjm_0.4_rocchio_TFIDF	30	115	1.0	45.0	0.2788
lmjm_0.4_rocchio_TFIDF	30	120	1.0	5.0	0.2714
lmjm_0.4_rocchio_TFIDF	30	120	1.0	10.0	0.2763
lmjm_0.4_rocchio_TFIDF	30	120	1.0	15.0	0.28
lmjm_0.4_rocchio_TFIDF	30	120	1.0	17.5	0.2812
lmjm_0.4_rocchio_TFIDF	30	120	1.0	20.0	0.2818
lmjm_0.4_rocchio_TFIDF	30	120	1.0	22.5	0.2823
lmjm_0.4_rocchio_TFIDF	30	120	1.0	25.0	0.2799
lmjm_0.4_rocchio_TFIDF	30	120	1.0	27.5	0.2789
lmjm_0.4_rocchio_TFIDF	30	120	1.0	30.0	0.2791
lmjm_0.4_rocchio_TFIDF	30	120	1.0	32.5	0.2792
lmjm_0.4_rocchio_TFIDF	30	120	1.0	35.0	0.2794
lmjm_0.4_rocchio_TFIDF	30	120	1.0	37.5	0.2791
lmjm_0.4_rocchio_TFIDF	30	120	1.0	40.0	0.279
lmjm_0.4_rocchio_TFIDF	30	120	1.0	42.5	0.2786
lmjm_0.4_rocchio_TFIDF	30	120	1.0	45.0	0.2786
lmjm_0.4_rocchio_TFIDF	30	125	1.0	5.0	0.2715
lmjm_0.4_rocchio_TFIDF	30	125	1.0	10.0	0.2766
lmjm_0.4_rocchio_TFIDF	30	125	1.0	15.0	0.28
lmjm_0.4_rocchio_TFIDF	30	125	1.0	17.5	0.281
lmjm_0.4_rocchio_TFIDF	30	125	1.0	20.0	0.2823
lmjm_0.4_rocchio_TFIDF	30	125	1.0	22.5	0.2824
lmjm_0.4_rocchio_TFIDF	30	125	1.0	25.0	0.2827
lmjm_0.4_rocchio_TFIDF	30	125	1.0	27.5	0.2799
lmjm_0.4_rocchio_TFIDF	30	125	1.0	30.0	0.2793
lmjm_0.4_rocchio_TFIDF	30	125	1.0	32.5	0.2796
lmjm_0.4_rocchio_TFIDF	30	125	1.0	35.0	0.2798
lmjm_0.4_rocchio_TFIDF	30	125	1.0	37.5	0.2795
lmjm_0.4_rocchio_TFIDF	30	125	1.0	40.0	0.2791
lmjm_0.4_rocchio_TFIDF	30	125	1.0	42.5	0.2786
lmjm_0.4_rocchio_TFIDF	30	125	1.0	45.0	0.2785
lmjm_0.4_rocchio_TFIDF	30	130	1.0	5.0	0.2713
lmjm_0.4_rocchio_TFIDF	30	130	1.0	10.0	0.2765
lmjm_0.4_rocchio_TFIDF	30	130	1.0	15.0	0.2796
lmjm_0.4_rocchio_TFIDF	30	130	1.0	17.5	0.2806
lmjm_0.4_rocchio_TFIDF	30	130	1.0	20.0	0.2816
lmjm_0.4_rocchio_TFIDF	30	130	1.0	22.5	0.2817
lmjm_0.4_rocchio_TFIDF	30	130	1.0	25.0	0.282
lmjm_0.4_rocchio_TFIDF	30	130	1.0	27.5	0.2796
lmjm_0.4_rocchio_TFIDF	30	130	1.0	30.0	0.2789
lmjm_0.4_rocchio_TFIDF	30	130	1.0	32.5	0.279
lmjm_0.4_rocchio_TFIDF	30	130	1.0	35.0	0.2792
lmjm_0.4_rocchio_TFIDF	30	130	1.0	37.5	0.2788
lmjm_0.4_rocchio_TFIDF	30	130	1.0	40.0	0.2786
lmjm_0.4_rocchio_TFIDF	30	130	1.0	42.5	0.2784
lmjm_0.4_rocchio_TFIDF	30	130	1.0	45.0	0.2783
lmjm_0.4_rocchio_TFIDF	30	135	1.0	5.0	0.2711
lmjm_0.4_rocchio_TFIDF	30	135	1.0	10.0	0.2764
lmjm_0.4_rocchio_TFIDF	30	135	1.0	15.0	0.2794
lmjm_0.4_rocchio_TFIDF	30	135	1.0	17.5	0.2801
lmjm_0.4_rocchio_TFIDF	30	135	1.0	20.0	0.2811
lmjm_0.4_rocchio_TFIDF	30	135	1.0	22.5	0.2813
lmjm_0.4_rocchio_TFIDF	30	135	1.0	25.0	0.2818
lmjm_0.4_rocchio_TFIDF	30	135	1.0	27.5	0.2793
lmjm_0.4_rocchio_TFIDF	30	135	1.0	30.0	0.2785
lmjm_0.4_rocchio_TFIDF	30	135	1.0	32.5	0.2786
lmjm_0.4_rocchio_TFIDF	30	135	1.0	35.0	0.2785
lmjm_0.4_rocchio_TFIDF	30	135	1.0	37.5	0.2784
lmjm_0.4_rocchio_TFIDF	30	135	1.0	40.0	0.2779
lmjm_0.4_rocchio_TFIDF	30	135	1.0	42.5	0.2778
lmjm_0.4_rocchio_TFIDF	30	135	1.0	45.0	0.2775
lmjm_0.4_rocchio_TFIDF	30	140	1.0	5.0	0.271
lmjm_0.4_rocchio_TFIDF	30	140	1.0	10.0	0.2759
lmjm_0.4_rocchio_TFIDF	30	140	1.0	15.0	0.2793
lmjm_0.4_rocchio_TFIDF	30	140	1.0	17.5	0.28
lmjm_0.4_rocchio_TFIDF	30	140	1.0	20.0	0.281
lmjm_0.4_rocchio_TFIDF	30	140	1.0	22.5	0.2812
lmjm_0.4_rocchio_TFIDF	30	140	1.0	25.0	0.2817
lmjm_0.4_rocchio_TFIDF	30	140	1.0	27.5	0.2814
lmjm_0.4_rocchio_TFIDF	30	140	1.0	30.0	0.2818
lmjm_0.4_rocchio_TFIDF	30	140	1.0	32.5	0.2818
lmjm_0.4_rocchio_TFIDF	30	140	1.0	35.0	0.2819
lmjm_0.4_rocchio_TFIDF	30	140	1.0	37.5	0.2792
lmjm_0.4_rocchio_TFIDF	30	140	1.0	40.0	0.2778
lmjm_0.4_rocchio_TFIDF	30	140	1.0	42.5	0.2776
lmjm_0.4_rocchio_TFIDF	30	140	1.0	45.0	0.2777
lmjm_0.4_rocchio_TFIDF	30	150	1.0	5.0	0.2715
lmjm_0.4_rocchio_TFIDF	30	150	1.0	10.0	0.2762
lmjm_0.4_rocchio_TFIDF	30	150	1.0	15.0	0.2792
lmjm_0.4_rocchio_TFIDF	30	150	1.0	17.5	0.2801
lmjm_0.4_rocchio_TFIDF	30	150	1.0	20.0	0.2809
lmjm_0.4_rocchio_TFIDF	30	150	1.0	22.5	0.2812
lmjm_0.4_rocchio_TFIDF	30	150	1.0	25.0	0.2808
lmjm_0.4_rocchio_TFIDF	30	150	1.0	27.5	0.2808
lmjm_0.4_rocchio_TFIDF	30	150	1.0	30.0	0.2816
lmjm_0.4_rocchio_TFIDF	30	150	1.0	32.5	0.2815
lmjm_0.4_rocchio_TFIDF	30	150	1.0	35.0	0.2816
lmjm_0.4_rocchio_TFIDF	30	150	1.0	37.5	0.2789
lmjm_0.4_rocchio_TFIDF	30	150	1.0	40.0	0.2784
lmjm_0.4_rocchio_TFIDF	30	150	1.0	42.5	0.2782
lmjm_0.4_rocchio_TFIDF	30	150	1.0	45.0	0.2779
lmjm_0.4_rocchio_TFIDF	30	160	1.0	5.0	0.2716
lmjm_0.4_rocchio_TFIDF	30	160	1.0	10.0	0.2765
lmjm_0.4_rocchio_TFIDF	30	160	1.0	15.0	0.2797
lmjm_0.4_rocchio_TFIDF	30	160	1.0	17.5	0.2804
lmjm_0.4_rocchio_TFIDF	30	160	1.0	20.0	0.2807
lmjm_0.4_rocchio_TFIDF	30	160	1.0	22.5	0.2814
lmjm_0.4_rocchio_TFIDF	30	160	1.0	25.0	0.281
lmjm_0.4_rocchio_TFIDF	30	160	1.0	27.5	0.2811
lmjm_0.4_rocchio_TFIDF	30	160	1.0	30.0	0.2817
lmjm_0.4_rocchio_TFIDF	30	160	1.0	32.5	0.2817
lmjm_0.4_rocchio_TFIDF	30	160	1.0	35.0	0.2791
lmjm_0.4_rocchio_TFIDF	30	160	1.0	37.5	0.279
lmjm_0.4_rocchio_TFIDF	30	160	1.0	40.0	0.2787
lmjm_0.4_rocchio_TFIDF	30	160	1.0	42.5	0.2783
lmjm_0.4_rocchio_TFIDF	30	160	1.0	45.0	0.2771
lmjm_0.4_rocchio_TFIDF	35	50	1.0	5.0	0.2693
lmjm_0.4_rocchio_TFIDF	35	50	1.0	15.0	0.2787
lmjm_0.4_rocchio_TFIDF	35	50	1.0	17.5	0.2789
lmjm_0.4_rocchio_TFIDF	35	50	1.0	20.0	0.2802
lmjm_0.4_rocchio_TFIDF	35	50	1.0	22.5	0.281
lmjm_0.4_rocchio_TFIDF	35	50	1.0	25.0	0.2805
lmjm_0.4_rocchio_TFIDF	35	50	1.0	27.5	0.2811
lmjm_0.4_rocchio_TFIDF	35	50	1.0	30.0	0.2819
lmjm_0.4_rocchio_TFIDF	35	50	1.0	32.5	0.2822
lmjm_0.4_rocchio_TFIDF	35	50	1.0	35.0	0.2819
lmjm_0.4_rocchio_TFIDF	35	50	1.0	37.5	0.2821
lmjm_0.4_rocchio_TFIDF	35	50	1.0	40.0	0.2819
lmjm_0.4_rocchio_TFIDF	35	50	1.0	42.5	0.2812
lmjm_0.4_rocchio_TFIDF	35	50	1.0	45.0	0.2808
lmjm_0.4_rocchio_TFIDF	35	50	1.0	47.5	0.2803
lmjm_0.4_rocchio_TFIDF	35	50	1.0	50.0	0.2802
lmjm_0.4_rocchio_TFIDF	35	50	1.0	52.5	0.2803
lmjm_0.4_rocchio_TFIDF	35	60	1.0	5.0	0.2703
lmjm_0.4_rocchio_TFIDF	35	60	1.0	15.0	0.2788
lmjm_0.4_rocchio_TFIDF	35	60	1.0	17.5	0.2795
lmjm_0.4_rocchio_TFIDF	35	60	1.0	20.0	0.2806
lmjm_0.4_rocchio_TFIDF	35	60	1.0	22.5	0.2808
lmjm_0.4_rocchio_TFIDF	35	60	1.0	25.0	0.281
lmjm_0.4_rocchio_TFIDF	35	60	1.0	27.5	0.281
lmjm_0.4_rocchio_TFIDF	35	60	1.0	30.0	0.2815
lmjm_0.4_rocchio_TFIDF	35	60	1.0	32.5	0.2814
lmjm_0.4_rocchio_TFIDF	35	60	1.0	35.0	0.2813
lmjm_0.4_rocchio_TFIDF	35	60	1.0	37.5	0.2807
lmjm_0.4_rocchio_TFIDF	35	60	1.0	40.0	0.281
lmjm_0.4_rocchio_TFIDF	35	60	1.0	42.5	0.2806
lmjm_0.4_rocchio_TFIDF	35	60	1.0	45.0	0.2802
lmjm_0.4_rocchio_TFIDF	35	60	1.0	50.0	0.2797
lmjm_0.4_rocchio_TFIDF	35	65	1.0	5.0	0.2703
lmjm_0.4_rocchio_TFIDF	35	65	1.0	15.0	0.2791
lmjm_0.4_rocchio_TFIDF	35	65	1.0	17.5	0.2798
lmjm_0.4_rocchio_TFIDF	35	65	1.0	20.0	0.2811
lmjm_0.4_rocchio_TFIDF	35	65	1.0	22.5	0.281
lmjm_0.4_rocchio_TFIDF	35	65	1.0	25.0	0.2812
lmjm_0.4_rocchio_TFIDF	35	65	1.0	27.5	0.2818
lmjm_0.4_rocchio_TFIDF	35	65	1.0	30.0	0.2816
lmjm_0.4_rocchio_TFIDF	35	65	1.0	32.5	0.2813
lmjm_0.4_rocchio_TFIDF	35	65	1.0	35.0	0.2813
lmjm_0.4_rocchio_TFIDF	35	65	1.0	37.5	0.2811
lmjm_0.4_rocchio_TFIDF	35	65	1.0	40.0	0.2804
lmjm_0.4_rocchio_TFIDF	35	65	1.0	42.5	0.2802
lmjm_0.4_rocchio_TFIDF	35	65	1.0	45.0	0.2801
lmjm_0.4_rocchio_TFIDF	35	65	1.0	50.0	0.2795
lmjm_0.4_rocchio_TFIDF	35	70	1.0	5.0	0.2726
lmjm_0.4_rocchio_TFIDF	35	70	1.0	15.0	0.2795
lmjm_0.4_rocchio_TFIDF	35	70	1.0	17.5	0.2805
lmjm_0.4_rocchio_TFIDF	35	70	1.0	20.0	0.2811
lmjm_0.4_rocchio_TFIDF	35	70	1.0	22.5	0.2823
lmjm_0.4_rocchio_TFIDF	35	70	1.0	25.0	0.2822
lmjm_0.4_rocchio_TFIDF	35	70	1.0	27.5	0.2823
lmjm_0.4_rocchio_TFIDF	35	70	1.0	30.0	0.2824
lmjm_0.4_rocchio_TFIDF	35	70	1.0	32.5	0.2826
lmjm_0.4_rocchio_TFIDF	35	70	1.0	35.0	0.2828
lmjm_0.4_rocchio_TFIDF	35	70	1.0	37.5	0.2824
lmjm_0.4_rocchio_TFIDF	35	70	1.0	40.0	0.2819
lmjm_0.4_rocchio_TFIDF	35	70	1.0	42.5	0.2819
lmjm_0.4_rocchio_TFIDF	35	70	1.0	45.0	0.2815
lmjm_0.4_rocchio_TFIDF	35	70	1.0	50.0	0.2803
lmjm_0.4_rocchio_TFIDF	35	75	1.0	5.0	0.273
lmjm_0.4_rocchio_TFIDF	35	75	1.0	15.0	0.2797
lmjm_0.4_rocchio_TFIDF	35	75	1.0	17.5	0.2808
lmjm_0.4_rocchio_TFIDF	35	75	1.0	20.0	0.2814
lmjm_0.4_rocchio_TFIDF	35	75	1.0	22.5	0.2824
lmjm_0.4_rocchio_TFIDF	35	75	1.0	25.0	0.2823
lmjm_0.4_rocchio_TFIDF	35	75	1.0	27.5	0.283
lmjm_0.4_rocchio_TFIDF	35	75	1.0	30.0	0.283
lmjm_0.4_rocchio_TFIDF	35	75	1.0	32.5	0.2833
lmjm_0.4_rocchio_TFIDF	35	75	1.0	35.0	0.2831
lmjm_0.4_rocchio_TFIDF	35	75	1.0	37.5	0.2829
lmjm_0.4_rocchio_TFIDF	35	75	1.0	40.0	0.2825
lmjm_0.4_rocchio_TFIDF	35	75	1.0	42.5	0.2823
lmjm_0.4_rocchio_TFIDF	35	75	1.0	45.0	0.2818
lmjm_0.4_rocchio_TFIDF	35	75	1.0	50.0	0.2807
lmjm_0.4_rocchio_TFIDF	35	80	1.0	5.0	0.273
lmjm_0.4_rocchio_TFIDF	35	80	1.0	15.0	0.28
lmjm_0.4_rocchio_TFIDF	35	80	1.0	17.5	0.2812
lmjm_0.4_rocchio_TFIDF	35	80	1.0	20.0	0.2814
lmjm_0.4_rocchio_TFIDF	35	80	1.0	22.5	0.2818
lmjm_0.4_rocchio_TFIDF	35	80	1.0	25.0	0.2815
lmjm_0.4_rocchio_TFIDF	35	80	1.0	27.5	0.2821
lmjm_0.4_rocchio_TFIDF	35	80	1.0	30.0	0.2827
lmjm_0.4_rocchio_TFIDF	35	80	1.0	32.5	0.2828
lmjm_0.4_rocchio_TFIDF	35	80	1.0	35.0	0.2823
lmjm_0.4_rocchio_TFIDF	35	80	1.0	37.5	0.2817
lmjm_0.4_rocchio_TFIDF	35	80	1.0	40.0	0.2823
lmjm_0.4_rocchio_TFIDF	35	80	1.0	42.5	0.2821
lmjm_0.4_rocchio_TFIDF	35	80	1.0	45.0	0.2817
lmjm_0.4_rocchio_TFIDF	35	80	1.0	50.0	0.2807
lmjm_0.4_rocchio_TFIDF	35	85	1.0	5.0	0.2733
lmjm_0.4_rocchio_TFIDF	35	85	1.0	15.0	0.28
lmjm_0.4_rocchio_TFIDF	35	85	1.0	17.5	0.2818
lmjm_0.4_rocchio_TFIDF	35	85	1.0	20.0	0.2822
lmjm_0.4_rocchio_TFIDF	35	85	1.0	22.5	0.2827
lmjm_0.4_rocchio_TFIDF	35	85	1.0	25.0	0.2829
lmjm_0.4_rocchio_TFIDF	35	85	1.0	27.5	0.2826
lmjm_0.4_rocchio_TFIDF	35	85	1.0	30.0	0.2832
lmjm_0.4_rocchio_TFIDF	35	85	1.0	32.5	0.2829
lmjm_0.4_rocchio_TFIDF	35	85	1.0	35.0	0.2824
lmjm_0.4_rocchio_TFIDF	35	85	1.0	37.5	0.282
lmjm_0.4_rocchio_TFIDF	35	85	1.0	40.0	0.2818
lmjm_0.4_rocchio_TFIDF	35	85	1.0	42.5	0.2813
lmjm_0.4_rocchio_TFIDF	35	85	1.0	45.0	0.2813
lmjm_0.4_rocchio_TFIDF	35	85	1.0	50.0	0.2808
lmjm_0.4_rocchio_TFIDF	35	90	1.0	5.0	0.2736
lmjm_0.4_rocchio_TFIDF	35	90	1.0	15.0	0.2802
lmjm_0.4_rocchio_TFIDF	35	90	1.0	17.5	0.2815
lmjm_0.4_rocchio_TFIDF	35	90	1.0	20.0	0.2818
lmjm_0.4_rocchio_TFIDF	35	90	1.0	22.5	0.2822
lmjm_0.4_rocchio_TFIDF	35	90	1.0	25.0	0.2822
lmjm_0.4_rocchio_TFIDF	35	90	1.0	27.5	0.2821
lmjm_0.4_rocchio_TFIDF	35	90	1.0	30.0	0.2825
lmjm_0.4_rocchio_TFIDF	35	90	1.0	32.5	0.2822
lmjm_0.4_rocchio_TFIDF	35	90	1.0	35.0	0.2819
lmjm_0.4_rocchio_TFIDF	35	90	1.0	37.5	0.2813
lmjm_0.4_rocchio_TFIDF	35	90	1.0	40.0	0.2813
lmjm_0.4_rocchio_TFIDF	35	90	1.0	42.5	0.2807
lmjm_0.4_rocchio_TFIDF	35	90	1.0	45.0	0.2804
lmjm_0.4_rocchio_TFIDF	35	90	1.0	50.0	0.2798
lmjm_0.4_rocchio_TFIDF	35	95	1.0	5.0	0.2721
lmjm_0.4_rocchio_TFIDF	35	95	1.0	15.0	0.2802
lmjm_0.4_rocchio_TFIDF	35	95	1.0	17.5	0.2815
lmjm_0.4_rocchio_TFIDF	35	95	1.0	20.0	0.2819
lmjm_0.4_rocchio_TFIDF	35	95	1.0	22.5	0.2822
lmjm_0.4_rocchio_TFIDF	35	95	1.0	25.0	0.2824
lmjm_0.4_rocchio_TFIDF	35	95	1.0	27.5	0.2822
lmjm_0.4_rocchio_TFIDF	35	95	1.0	30.0	0.2822
lmjm_0.4_rocchio_TFIDF	35	95	1.0	32.5	0.282
lmjm_0.4_rocchio_TFIDF	35	95	1.0	35.0	0.2817
lmjm_0.4_rocchio_TFIDF	35	95	1.0	37.5	0.2813
lmjm_0.4_rocchio_TFIDF	35	95	1.0	40.0	0.2812
lmjm_0.4_rocchio_TFIDF	35	95	1.0	42.5	0.2809
lmjm_0.4_rocchio_TFIDF	35	95	1.0	45.0	0.2806
lmjm_0.4_rocchio_TFIDF	35	95	1.0	50.0	0.2798
lmjm_0.4_rocchio_TFIDF	35	100	1.0	5.0	0.2743
lmjm_0.4_rocchio_TFIDF	35	100	1.0	10.0	0.2815
lmjm_0.4_rocchio_TFIDF	35	100	1.0	15.0	0.2811
lmjm_0.4_rocchio_TFIDF	35	100	1.0	17.5	0.2815
lmjm_0.4_rocchio_TFIDF	35	100	1.0	20.0	0.2828
lmjm_0.4_rocchio_TFIDF	35	100	1.0	22.5	0.283
lmjm_0.4_rocchio_TFIDF	35	100	1.0	25.0	0.2832
lmjm_0.4_rocchio_TFIDF	35	100	1.0	27.5	0.2829
lmjm_0.4_rocchio_TFIDF	35	100	1.0	30.0	0.2831
lmjm_0.4_rocchio_TFIDF	35	100	1.0	32.5	0.2824
lmjm_0.4_rocchio_TFIDF	35	100	1.0	35.0	0.282
lmjm_0.4_rocchio_TFIDF	35	100	1.0	37.5	0.282
lmjm_0.4_rocchio_TFIDF	35	100	1.0	40.0	0.2818
lmjm_0.4_rocchio_TFIDF	35	100	1.0	42.5	0.2813
lmjm_0.4_rocchio_TFIDF	35	100	1.0	45.0	0.2811
lmjm_0.4_rocchio_TFIDF	35	105	1.0	5.0	0.2745
lmjm_0.4_rocchio_TFIDF	35	105	1.0	7.5	0.2787
lmjm_0.4_rocchio_TFIDF	35	105	1.0	10.0	0.2817
lmjm_0.4_rocchio_TFIDF	35	105	1.0	12.5	0.2812
lmjm_0.4_rocchio_TFIDF	35	105	1.0	15.0	0.2808
lmjm_0.4_rocchio_TFIDF	35	105	1.0	17.5	0.2815
lmjm_0.4_rocchio_TFIDF	35	105	1.0	20.0	0.2825
lmjm_0.4_rocchio_TFIDF	35	105	1.0	22.5	0.2825
lmjm_0.4_rocchio_TFIDF	35	105	1.0	25.0	0.2829
lmjm_0.4_rocchio_TFIDF	35	105	1.0	27.5	0.2825
lmjm_0.4_rocchio_TFIDF	35	105	1.0	30.0	0.2824
lmjm_0.4_rocchio_TFIDF	35	105	1.0	32.5	0.282
lmjm_0.4_rocchio_TFIDF	35	105	1.0	35.0	0.282
lmjm_0.4_rocchio_TFIDF	35	105	1.0	40.0	0.2813
lmjm_0.4_rocchio_TFIDF	35	105	1.0	45.0	0.2803
lmjm_0.4_rocchio_TFIDF	35	110	1.0	5.0	0.2747
lmjm_0.4_rocchio_TFIDF	35	110	1.0	15.0	0.2809
lmjm_0.4_rocchio_TFIDF	35	110	1.0	17.5	0.2818
lmjm_0.4_rocchio_TFIDF	35	110	1.0	20.0	0.283
lmjm_0.4_rocchio_TFIDF	35	110	1.0	22.5	0.283
lmjm_0.4_rocchio_TFIDF	35	110	1.0	25.0	0.2832
lmjm_0.4_rocchio_TFIDF	35	110	1.0	27.5	0.2826
lmjm_0.4_rocchio_TFIDF	35	110	1.0	30.0	0.2826
lmjm_0.4_rocchio_TFIDF	35	110	1.0	32.5	0.2825
lmjm_0.4_rocchio_TFIDF	35	110	1.0	35.0	0.2824
lmjm_0.4_rocchio_TFIDF	35	110	1.0	37.5	0.2822
lmjm_0.4_rocchio_TFIDF	35	110	1.0	40.0	0.2817
lmjm_0.4_rocchio_TFIDF	35	110	1.0	42.5	0.2816
lmjm_0.4_rocchio_TFIDF	35	110	1.0	45.0	0.2811
lmjm_0.4_rocchio_TFIDF	35	110	1.0	50.0	0.2806
lmjm_0.4_rocchio_TFIDF	35	115	1.0	5.0	0.2735
lmjm_0.4_rocchio_TFIDF	35	115	1.0	15.0	0.2806
lmjm_0.4_rocchio_TFIDF	35	115	1.0	17.5	0.2823
lmjm_0.4_rocchio_TFIDF	35	115	1.0	20.0	0.2834
lmjm_0.4_rocchio_TFIDF	35	115	1.0	22.5	0.283
lmjm_0.4_rocchio_TFIDF	35	115	1.0	25.0	0.2828
lmjm_0.4_rocchio_TFIDF	35	115	1.0	27.5	0.2828
lmjm_0.4_rocchio_TFIDF	35	115	1.0	30.0	0.2827
lmjm_0.4_rocchio_TFIDF	35	115	1.0	32.5	0.2825
lmjm_0.4_rocchio_TFIDF	35	115	1.0	35.0	0.2824
lmjm_0.4_rocchio_TFIDF	35	115	1.0	37.5	0.2825
lmjm_0.4_rocchio_TFIDF	35	115	1.0	40.0	0.282
lmjm_0.4_rocchio_TFIDF	35	115	1.0	42.5	0.2819
lmjm_0.4_rocchio_TFIDF	35	115	1.0	45.0	0.2811
lmjm_0.4_rocchio_TFIDF	35	115	1.0	50.0	0.2804
lmjm_0.4_rocchio_TFIDF	35	120	1.0	5.0	0.2735
lmjm_0.4_rocchio_TFIDF	35	120	1.0	7.5	0.2783
lmjm_0.4_rocchio_TFIDF	35	120	1.0	10.0	0.2822
lmjm_0.4_rocchio_TFIDF	35	120	1.0	12.5	0.28
lmjm_0.4_rocchio_TFIDF	35	120	1.0	15.0	0.2814
lmjm_0.4_rocchio_TFIDF	35	120	1.0	17.5	0.2823
lmjm_0.4_rocchio_TFIDF	35	120	1.0	20.0	0.283
lmjm_0.4_rocchio_TFIDF	35	120	1.0	22.5	0.2827
lmjm_0.4_rocchio_TFIDF	35	120	1.0	25.0	0.2828
lmjm_0.4_rocchio_TFIDF	35	120	1.0	27.5	0.2824
lmjm_0.4_rocchio_TFIDF	35	120	1.0	30.0	0.2825
lmjm_0.4_rocchio_TFIDF	35	120	1.0	32.5	0.2821
lmjm_0.4_rocchio_TFIDF	35	120	1.0	35.0	0.282
lmjm_0.4_rocchio_TFIDF	35	120	1.0	40.0	0.2815
lmjm_0.4_rocchio_TFIDF	35	120	1.0	45.0	0.2806
lmjm_0.4_rocchio_TFIDF	35	125	1.0	5.0	0.2733
lmjm_0.4_rocchio_TFIDF	35	125	1.0	15.0	0.2806
lmjm_0.4_rocchio_TFIDF	35	125	1.0	17.5	0.2819
lmjm_0.4_rocchio_TFIDF	35	125	1.0	20.0	0.2823
lmjm_0.4_rocchio_TFIDF	35	125	1.0	22.5	0.282
lmjm_0.4_rocchio_TFIDF	35	125	1.0	25.0	0.2823
lmjm_0.4_rocchio_TFIDF	35	125	1.0	27.5	0.282
lmjm_0.4_rocchio_TFIDF	35	125	1.0	30.0	0.2822
lmjm_0.4_rocchio_TFIDF	35	125	1.0	32.5	0.2821
lmjm_0.4_rocchio_TFIDF	35	125	1.0	35.0	0.2822
lmjm_0.4_rocchio_TFIDF	35	125	1.0	37.5	0.2819
lmjm_0.4_rocchio_TFIDF	35	125	1.0	40.0	0.2818
lmjm_0.4_rocchio_TFIDF	35	125	1.0	42.5	0.2812
lmjm_0.4_rocchio_TFIDF	35	125	1.0	45.0	0.2808
lmjm_0.4_rocchio_TFIDF	35	125	1.0	50.0	0.2802
lmjm_0.4_rocchio_TFIDF	35	130	1.0	5.0	0.2733
lmjm_0.4_rocchio_TFIDF	35	130	1.0	7.5	0.2786
lmjm_0.4_rocchio_TFIDF	35	130	1.0	10.0	0.2819
lmjm_0.4_rocchio_TFIDF	35	130	1.0	12.5	0.2794
lmjm_0.4_rocchio_TFIDF	35	130	1.0	15.0	0.28
lmjm_0.4_rocchio_TFIDF	35	130	1.0	17.5	0.2811
lmjm_0.4_rocchio_TFIDF	35	130	1.0	20.0	0.282
lmjm_0.4_rocchio_TFIDF	35	130	1.0	22.5	0.2818
lmjm_0.4_rocchio_TFIDF	35	130	1.0	25.0	0.2819
lmjm_0.4_rocchio_TFIDF	35	130	1.0	27.5	0.2818
lmjm_0.4_rocchio_TFIDF	35	130	1.0	30.0	0.2819
lmjm_0.4_rocchio_TFIDF	35	130	1.0	32.5	0.2816
lmjm_0.4_rocchio_TFIDF	35	130	1.0	35.0	0.2818
lmjm_0.4_rocchio_TFIDF	35	130	1.0	37.5	0.2816
lmjm_0.4_rocchio_TFIDF	35	130	1.0	40.0	0.2811
lmjm_0.4_rocchio_TFIDF	35	130	1.0	42.5	0.2804
lmjm_0.4_rocchio_TFIDF	35	130	1.0	45.0	0.2798
lmjm_0.4_rocchio_TFIDF	35	140	1.0	5.0	0.2757
lmjm_0.4_rocchio_TFIDF	35	140	1.0	7.5	0.2797
lmjm_0.4_rocchio_TFIDF	35	140	1.0	10.0	0.2823
lmjm_0.4_rocchio_TFIDF	35	140	1.0	12.5	0.2792
lmjm_0.4_rocchio_TFIDF	35	140	1.0	15.0	0.2802
lmjm_0.4_rocchio_TFIDF	35	140	1.0	17.5	0.281
lmjm_0.4_rocchio_TFIDF	35	140	1.0	20.0	0.2817
lmjm_0.4_rocchio_TFIDF	35	140	1.0	22.5	0.2814
lmjm_0.4_rocchio_TFIDF	35	140	1.0	25.0	0.2816
lmjm_0.4_rocchio_TFIDF	35	140	1.0	27.5	0.2815
lmjm_0.4_rocchio_TFIDF	35	140	1.0	30.0	0.282
lmjm_0.4_rocchio_TFIDF	35	140	1.0	32.5	0.2818
lmjm_0.4_rocchio_TFIDF	35	140	1.0	35.0	0.2818
lmjm_0.4_rocchio_TFIDF	35	140	1.0	40.0	0.281
lmjm_0.4_rocchio_TFIDF	35	140	1.0	45.0	0.2797
lmjm_0.4_rocchio_TFIDF	35	145	1.0	5.0	0.2756
lmjm_0.4_rocchio_TFIDF	35	145	1.0	7.5	0.2797
lmjm_0.4_rocchio_TFIDF	35	145	1.0	10.0	0.2821
lmjm_0.4_rocchio_TFIDF	35	145	1.0	12.5	0.2795
lmjm_0.4_rocchio_TFIDF	35	145	1.0	15.0	0.2804
lmjm_0.4_rocchio_TFIDF	35	145	1.0	17.5	0.2813
lmjm_0.4_rocchio_TFIDF	35	145	1.0	20.0	0.282
lmjm_0.4_rocchio_TFIDF	35	145	1.0	22.5	0.2815
lmjm_0.4_rocchio_TFIDF	35	145	1.0	25.0	0.282
lmjm_0.4_rocchio_TFIDF	35	145	1.0	27.5	0.2818
lmjm_0.4_rocchio_TFIDF	35	145	1.0	30.0	0.2824
lmjm_0.4_rocchio_TFIDF	35	145	1.0	32.5	0.2822
lmjm_0.4_rocchio_TFIDF	35	145	1.0	35.0	0.282
lmjm_0.4_rocchio_TFIDF	35	145	1.0	40.0	0.2815
lmjm_0.4_rocchio_TFIDF	35	145	1.0	45.0	0.2805
lmjm_0.4_rocchio_TFIDF	35	145	1.0	50.0	0.28
lmjm_0.4_rocchio_TFIDF	35	150	1.0	5.0	0.2759
lmjm_0.4_rocchio_TFIDF	35	150	1.0	15.0	0.2806
lmjm_0.4_rocchio_TFIDF	35	150	1.0	17.5	0.2812
lmjm_0.4_rocchio_TFIDF	35	150	1.0	20.0	0.2823
lmjm_0.4_rocchio_TFIDF	35	150	1.0	22.5	0.282
lmjm_0.4_rocchio_TFIDF	35	150	1.0	25.0	0.2822
lmjm_0.4_rocchio_TFIDF	35	150	1.0	27.5	0.2821
lmjm_0.4_rocchio_TFIDF	35	150	1.0	30.0	0.2828
lmjm_0.4_rocchio_TFIDF	35	150	1.0	32.5	0.2827
lmjm_0.4_rocchio_TFIDF	35	150	1.0	35.0	0.2829
lmjm_0.4_rocchio_TFIDF	35	150	1.0	37.5	0.2826
lmjm_0.4_rocchio_TFIDF	35	150	1.0	40.0	0.2819
lmjm_0.4_rocchio_TFIDF	35	150	1.0	42.5	0.2814
lmjm_0.4_rocchio_TFIDF	35	150	1.0	45.0	0.2811
lmjm_0.4_rocchio_TFIDF	35	150	1.0	50.0	0.2808
lmjm_0.4_rocchio_TFIDF	35	155	1.0	5.0	0.276
lmjm_0.4_rocchio_TFIDF	35	155	1.0	15.0	0.2802
lmjm_0.4_rocchio_TFIDF	35	155	1.0	17.5	0.2815
lmjm_0.4_rocchio_TFIDF	35	155	1.0	20.0	0.282
lmjm_0.4_rocchio_TFIDF	35	155	1.0	22.5	0.2814
lmjm_0.4_rocchio_TFIDF	35	155	1.0	25.0	0.2817
lmjm_0.4_rocchio_TFIDF	35	155	1.0	27.5	0.2816
lmjm_0.4_rocchio_TFIDF	35	155	1.0	30.0	0.2819
lmjm_0.4_rocchio_TFIDF	35	155	1.0	32.5	0.2818
lmjm_0.4_rocchio_TFIDF	35	155	1.0	35.0	0.2818
lmjm_0.4_rocchio_TFIDF	35	155	1.0	37.5	0.2815
lmjm_0.4_rocchio_TFIDF	35	155	1.0	40.0	0.2813
lmjm_0.4_rocchio_TFIDF	35	155	1.0	42.5	0.2809
lmjm_0.4_rocchio_TFIDF	35	155	1.0	45.0	0.2805
lmjm_0.4_rocchio_TFIDF	35	155	1.0	50.0	0.2798
lmjm_0.4_rocchio_TFIDF	35	160	1.0	5.0	0.2757
lmjm_0.4_rocchio_TFIDF	35	160	1.0	7.5	0.2786
lmjm_0.4_rocchio_TFIDF	35	160	1.0	10.0	0.2811
lmjm_0.4_rocchio_TFIDF	35	160	1.0	12.5	0.279
lmjm_0.4_rocchio_TFIDF	35	160	1.0	15.0	0.2801
lmjm_0.4_rocchio_TFIDF	35	160	1.0	17.5	0.2812
lmjm_0.4_rocchio_TFIDF	35	160	1.0	20.0	0.2819
lmjm_0.4_rocchio_TFIDF	35	160	1.0	22.5	0.2814
lmjm_0.4_rocchio_TFIDF	35	160	1.0	25.0	0.2812
lmjm_0.4_rocchio_TFIDF	35	160	1.0	27.5	0.2813
lmjm_0.4_rocchio_TFIDF	35	160	1.0	30.0	0.2814
lmjm_0.4_rocchio_TFIDF	35	160	1.0	32.5	0.2813
lmjm_0.4_rocchio_TFIDF	35	160	1.0	35.0	0.281
lmjm_0.4_rocchio_TFIDF	35	160	1.0	40.0	0.2807
lmjm_0.4_rocchio_TFIDF	35	160	1.0	45.0	0.2795
lmjm_0.4_rocchio_TFIDF	40	50	1.0	5.0	0.2682
lmjm_0.4_rocchio_TFIDF	40	50	1.0	10.0	0.2759
lmjm_0.4_rocchio_TFIDF	40	50	1.0	15.0	0.2789
lmjm_0.4_rocchio_TFIDF	40	50	1.0	17.5	0.2775
lmjm_0.4_rocchio_TFIDF	40	50	1.0	20.0	0.2767
lmjm_0.4_rocchio_TFIDF	40	50	1.0	22.5	0.2769
lmjm_0.4_rocchio_TFIDF	40	50	1.0	25.0	0.2764
lmjm_0.4_rocchio_TFIDF	40	50	1.0	27.5	0.2768
lmjm_0.4_rocchio_TFIDF	40	50	1.0	30.0	0.277
lmjm_0.4_rocchio_TFIDF	40	50	1.0	32.5	0.2772
lmjm_0.4_rocchio_TFIDF	40	50	1.0	35.0	0.2771
lmjm_0.4_rocchio_TFIDF	40	50	1.0	37.5	0.2763
lmjm_0.4_rocchio_TFIDF	40	50	1.0	40.0	0.2761
lmjm_0.4_rocchio_TFIDF	40	50	1.0	42.5	0.2758
lmjm_0.4_rocchio_TFIDF	40	50	1.0	45.0	0.2755
lmjm_0.4_rocchio_TFIDF	40	60	1.0	5.0	0.268
lmjm_0.4_rocchio_TFIDF	40	60	1.0	7.5	0.2739
lmjm_0.4_rocchio_TFIDF	40	60	1.0	10.0	0.2769
lmjm_0.4_rocchio_TFIDF	40	60	1.0	12.5	0.2783
lmjm_0.4_rocchio_TFIDF	40	60	1.0	15.0	0.2797
lmjm_0.4_rocchio_TFIDF	40	60	1.0	17.5	0.2768
lmjm_0.4_rocchio_TFIDF	40	60	1.0	20.0	0.2772
lmjm_0.4_rocchio_TFIDF	40	60	1.0	22.5	0.2766
lmjm_0.4_rocchio_TFIDF	40	60	1.0	25.0	0.2769
lmjm_0.4_rocchio_TFIDF	40	60	1.0	27.5	0.2767
lmjm_0.4_rocchio_TFIDF	40	60	1.0	30.0	0.2766
lmjm_0.4_rocchio_TFIDF	40	60	1.0	32.5	0.2764
lmjm_0.4_rocchio_TFIDF	40	60	1.0	35.0	0.2761
lmjm_0.4_rocchio_TFIDF	40	60	1.0	40.0	0.2755
lmjm_0.4_rocchio_TFIDF	40	60	1.0	45.0	0.2745
lmjm_0.4_rocchio_TFIDF	40	70	1.0	5.0	0.269
lmjm_0.4_rocchio_TFIDF	40	70	1.0	7.5	0.2752
lmjm_0.4_rocchio_TFIDF	40	70	1.0	10.0	0.2779
lmjm_0.4_rocchio_TFIDF	40	70	1.0	12.5	0.2796
lmjm_0.4_rocchio_TFIDF	40	70	1.0	15.0	0.2788
lmjm_0.4_rocchio_TFIDF	40	70	1.0	17.5	0.2787
lmjm_0.4_rocchio_TFIDF	40	70	1.0	20.0	0.2783
lmjm_0.4_rocchio_TFIDF	40	70	1.0	22.5	0.278
lmjm_0.4_rocchio_TFIDF	40	70	1.0	25.0	0.2771
lmjm_0.4_rocchio_TFIDF	40	70	1.0	27.5	0.2774
lmjm_0.4_rocchio_TFIDF	40	70	1.0	30.0	0.2775
lmjm_0.4_rocchio_TFIDF	40	70	1.0	32.5	0.2774
lmjm_0.4_rocchio_TFIDF	40	70	1.0	35.0	0.2772
lmjm_0.4_rocchio_TFIDF	40	70	1.0	40.0	0.2758
lmjm_0.4_rocchio_TFIDF	40	70	1.0	45.0	0.2753
lmjm_0.4_rocchio_TFIDF	40	80	1.0	5.0	0.271
lmjm_0.4_rocchio_TFIDF	40	80	1.0	7.5	0.2746
lmjm_0.4_rocchio_TFIDF	40	80	1.0	10.0	0.2787
lmjm_0.4_rocchio_TFIDF	40	80	1.0	12.5	0.2803
lmjm_0.4_rocchio_TFIDF	40	80	1.0	15.0	0.279
lmjm_0.4_rocchio_TFIDF	40	80	1.0	17.5	0.2785
lmjm_0.4_rocchio_TFIDF	40	80	1.0	20.0	0.2778
lmjm_0.4_rocchio_TFIDF	40	80	1.0	22.5	0.2774
lmjm_0.4_rocchio_TFIDF	40	80	1.0	25.0	0.2771
lmjm_0.4_rocchio_TFIDF	40	80	1.0	27.5	0.277
lmjm_0.4_rocchio_TFIDF	40	80	1.0	30.0	0.2783
lmjm_0.4_rocchio_TFIDF	40	80	1.0	32.5	0.2779
lmjm_0.4_rocchio_TFIDF	40	80	1.0	35.0	0.2771
lmjm_0.4_rocchio_TFIDF	40	80	1.0	40.0	0.2764
lmjm_0.4_rocchio_TFIDF	40	80	1.0	45.0	0.2752
lmjm_0.4_rocchio_TFIDF	40	80	1.0	50.0	0.274
lmjm_0.4_rocchio_TFIDF	40	85	1.0	5.0	0.2714
lmjm_0.4_rocchio_TFIDF	40	85	1.0	7.5	0.2754
lmjm_0.4_rocchio_TFIDF	40	85	1.0	10.0	0.2786
lmjm_0.4_rocchio_TFIDF	40	85	1.0	12.5	0.2812
lmjm_0.4_rocchio_TFIDF	40	85	1.0	15.0	0.2793
lmjm_0.4_rocchio_TFIDF	40	85	1.0	17.5	0.2784
lmjm_0.4_rocchio_TFIDF	40	85	1.0	20.0	0.2785
lmjm_0.4_rocchio_TFIDF	40	85	1.0	22.5	0.2784
lmjm_0.4_rocchio_TFIDF	40	85	1.0	25.0	0.2785
lmjm_0.4_rocchio_TFIDF	40	85	1.0	27.5	0.2781
lmjm_0.4_rocchio_TFIDF	40	85	1.0	30.0	0.2788
lmjm_0.4_rocchio_TFIDF	40	85	1.0	32.5	0.2786
lmjm_0.4_rocchio_TFIDF	40	85	1.0	35.0	0.2777
lmjm_0.4_rocchio_TFIDF	40	85	1.0	40.0	0.2768
lmjm_0.4_rocchio_TFIDF	40	85	1.0	45.0	0.2763
lmjm_0.4_rocchio_TFIDF	40	90	1.0	5.0	0.2718
lmjm_0.4_rocchio_TFIDF	40	90	1.0	7.5	0.2759
lmjm_0.4_rocchio_TFIDF	40	90	1.0	10.0	0.2792
lmjm_0.4_rocchio_TFIDF	40	90	1.0	12.5	0.2815
lmjm_0.4_rocchio_TFIDF	40	90	1.0	15.0	0.28
lmjm_0.4_rocchio_TFIDF	40	90	1.0	17.5	0.279
lmjm_0.4_rocchio_TFIDF	40	90	1.0	20.0	0.2794
lmjm_0.4_rocchio_TFIDF	40	90	1.0	22.5	0.2786
lmjm_0.4_rocchio_TFIDF	40	90	1.0	25.0	0.2783
lmjm_0.4_rocchio_TFIDF	40	90	1.0	27.5	0.2777
lmjm_0.4_rocchio_TFIDF	40	90	1.0	30.0	0.2778
lmjm_0.4_rocchio_TFIDF	40	90	1.0	32.5	0.2772
lmjm_0.4_rocchio_TFIDF	40	90	1.0	35.0	0.2766
lmjm_0.4_rocchio_TFIDF	40	90	1.0	40.0	0.276
lmjm_0.4_rocchio_TFIDF	40	90	1.0	45.0	0.2753
lmjm_0.4_rocchio_TFIDF	40	95	1.0	5.0	0.2721
lmjm_0.4_rocchio_TFIDF	40	95	1.0	7.5	0.2773
lmjm_0.4_rocchio_TFIDF	40	95	1.0	10.0	0.2791
lmjm_0.4_rocchio_TFIDF	40	95	1.0	12.5	0.2813
lmjm_0.4_rocchio_TFIDF	40	95	1.0	15.0	0.2796
lmjm_0.4_rocchio_TFIDF	40	95	1.0	17.5	0.2786
lmjm_0.4_rocchio_TFIDF	40	95	1.0	20.0	0.2781
lmjm_0.4_rocchio_TFIDF	40	95	1.0	22.5	0.2774
lmjm_0.4_rocchio_TFIDF	40	95	1.0	25.0	0.2776
lmjm_0.4_rocchio_TFIDF	40	95	1.0	27.5	0.2772
lmjm_0.4_rocchio_TFIDF	40	95	1.0	30.0	0.2772
lmjm_0.4_rocchio_TFIDF	40	95	1.0	32.5	0.2766
lmjm_0.4_rocchio_TFIDF	40	95	1.0	35.0	0.276
lmjm_0.4_rocchio_TFIDF	40	95	1.0	40.0	0.2757
lmjm_0.4_rocchio_TFIDF	40	95	1.0	45.0	0.2752
lmjm_0.4_rocchio_TFIDF	40	100	1.0	5.0	0.2724
lmjm_0.4_rocchio_TFIDF	40	100	1.0	7.5	0.2765
lmjm_0.4_rocchio_TFIDF	40	100	1.0	10.0	0.2792
lmjm_0.4_rocchio_TFIDF	40	100	1.0	12.5	0.2808
lmjm_0.4_rocchio_TFIDF	40	100	1.0	15.0	0.2791
lmjm_0.4_rocchio_TFIDF	40	100	1.0	17.5	0.2786
lmjm_0.4_rocchio_TFIDF	40	100	1.0	20.0	0.2784
lmjm_0.4_rocchio_TFIDF	40	100	1.0	22.5	0.2779
lmjm_0.4_rocchio_TFIDF	40	100	1.0	25.0	0.2779
lmjm_0.4_rocchio_TFIDF	40	100	1.0	27.5	0.2773
lmjm_0.4_rocchio_TFIDF	40	100	1.0	30.0	0.2773
lmjm_0.4_rocchio_TFIDF	40	100	1.0	32.5	0.2764
lmjm_0.4_rocchio_TFIDF	40	100	1.0	35.0	0.2761
lmjm_0.4_rocchio_TFIDF	40	100	1.0	40.0	0.2753
lmjm_0.4_rocchio_TFIDF	40	100	1.0	45.0	0.2744
lmjm_0.4_rocchio_TFIDF	40	110	1.0	5.0	0.2707
lmjm_0.4_rocchio_TFIDF	40	110	1.0	7.5	0.2766
lmjm_0.4_rocchio_TFIDF	40	110	1.0	10.0	0.2788
lmjm_0.4_rocchio_TFIDF	40	110	1.0	12.5	0.2799
lmjm_0.4_rocchio_TFIDF	40	110	1.0	15.0	0.2779
lmjm_0.4_rocchio_TFIDF	40	110	1.0	17.5	0.2782
lmjm_0.4_rocchio_TFIDF	40	110	1.0	20.0	0.2787
lmjm_0.4_rocchio_TFIDF	40	110	1.0	22.5	0.2775
lmjm_0.4_rocchio_TFIDF	40	110	1.0	25.0	0.277
lmjm_0.4_rocchio_TFIDF	40	110	1.0	27.5	0.2767
lmjm_0.4_rocchio_TFIDF	40	110	1.0	30.0	0.2763
lmjm_0.4_rocchio_TFIDF	40	110	1.0	32.5	0.2757
lmjm_0.4_rocchio_TFIDF	40	110	1.0	35.0	0.2757
lmjm_0.4_rocchio_TFIDF	40	110	1.0	40.0	0.275
lmjm_0.4_rocchio_TFIDF	40	110	1.0	45.0	0.2739
lmjm_0.4_rocchio_TFIDF	40	115	1.0	5.0	0.2708
lmjm_0.4_rocchio_TFIDF	40	115	1.0	7.5	0.2766
lmjm_0.4_rocchio_TFIDF	40	115	1.0	10.0	0.2785
lmjm_0.4_rocchio_TFIDF	40	115	1.0	12.5	0.2806
lmjm_0.4_rocchio_TFIDF	40	115	1.0	15.0	0.2784
lmjm_0.4_rocchio_TFIDF	40	115	1.0	17.5	0.278
lmjm_0.4_rocchio_TFIDF	40	115	1.0	20.0	0.2782
lmjm_0.4_rocchio_TFIDF	40	115	1.0	22.5	0.2774
lmjm_0.4_rocchio_TFIDF	40	115	1.0	25.0	0.2767
lmjm_0.4_rocchio_TFIDF	40	115	1.0	27.5	0.2766
lmjm_0.4_rocchio_TFIDF	40	115	1.0	30.0	0.2765
lmjm_0.4_rocchio_TFIDF	40	115	1.0	32.5	0.276
lmjm_0.4_rocchio_TFIDF	40	115	1.0	35.0	0.2756
lmjm_0.4_rocchio_TFIDF	40	115	1.0	40.0	0.2751
lmjm_0.4_rocchio_TFIDF	40	115	1.0	45.0	0.2739
lmjm_0.4_rocchio_TFIDF	40	120	1.0	5.0	0.2728
lmjm_0.4_rocchio_TFIDF	40	120	1.0	7.5	0.2766
lmjm_0.4_rocchio_TFIDF	40	120	1.0	10.0	0.279
lmjm_0.4_rocchio_TFIDF	40	120	1.0	12.5	0.2811
lmjm_0.4_rocchio_TFIDF	40	120	1.0	15.0	0.2781
lmjm_0.4_rocchio_TFIDF	40	120	1.0	17.5	0.2783
lmjm_0.4_rocchio_TFIDF	40	120	1.0	20.0	0.2781
lmjm_0.4_rocchio_TFIDF	40	120	1.0	22.5	0.277
lmjm_0.4_rocchio_TFIDF	40	120	1.0	25.0	0.2768
lmjm_0.4_rocchio_TFIDF	40	120	1.0	27.5	0.2763
lmjm_0.4_rocchio_TFIDF	40	120	1.0	30.0	0.2766
lmjm_0.4_rocchio_TFIDF	40	120	1.0	32.5	0.2759
lmjm_0.4_rocchio_TFIDF	40	120	1.0	35.0	0.2755
lmjm_0.4_rocchio_TFIDF	40	120	1.0	40.0	0.2748
lmjm_0.4_rocchio_TFIDF	40	120	1.0	45.0	0.2738
lmjm_0.4_rocchio_TFIDF	40	125	1.0	5.0	0.2728
lmjm_0.4_rocchio_TFIDF	40	125	1.0	7.5	0.2772
lmjm_0.4_rocchio_TFIDF	40	125	1.0	10.0	0.2794
lmjm_0.4_rocchio_TFIDF	40	125	1.0	12.5	0.2805
lmjm_0.4_rocchio_TFIDF	40	125	1.0	15.0	0.2775
lmjm_0.4_rocchio_TFIDF	40	125	1.0	17.5	0.2781
lmjm_0.4_rocchio_TFIDF	40	125	1.0	20.0	0.2784
lmjm_0.4_rocchio_TFIDF	40	125	1.0	22.5	0.2776
lmjm_0.4_rocchio_TFIDF	40	125	1.0	25.0	0.2769
lmjm_0.4_rocchio_TFIDF	40	125	1.0	27.5	0.2767
lmjm_0.4_rocchio_TFIDF	40	125	1.0	30.0	0.2766
lmjm_0.4_rocchio_TFIDF	40	125	1.0	32.5	0.2761
lmjm_0.4_rocchio_TFIDF	40	125	1.0	35.0	0.2754
lmjm_0.4_rocchio_TFIDF	40	125	1.0	40.0	0.2748
lmjm_0.4_rocchio_TFIDF	40	125	1.0	45.0	0.2738
lmjm_0.4_rocchio_TFIDF	40	130	1.0	5.0	0.2731
lmjm_0.4_rocchio_TFIDF	40	130	1.0	7.5	0.2777
lmjm_0.4_rocchio_TFIDF	40	130	1.0	10.0	0.2798
lmjm_0.4_rocchio_TFIDF	40	130	1.0	12.5	0.2815
lmjm_0.4_rocchio_TFIDF	40	130	1.0	15.0	0.2781
lmjm_0.4_rocchio_TFIDF	40	130	1.0	17.5	0.2776
lmjm_0.4_rocchio_TFIDF	40	130	1.0	20.0	0.279
lmjm_0.4_rocchio_TFIDF	40	130	1.0	22.5	0.2789
lmjm_0.4_rocchio_TFIDF	40	130	1.0	25.0	0.2779
lmjm_0.4_rocchio_TFIDF	40	130	1.0	27.5	0.2774
lmjm_0.4_rocchio_TFIDF	40	130	1.0	30.0	0.2775
lmjm_0.4_rocchio_TFIDF	40	130	1.0	32.5	0.277
lmjm_0.4_rocchio_TFIDF	40	130	1.0	35.0	0.2763
lmjm_0.4_rocchio_TFIDF	40	130	1.0	40.0	0.2752
lmjm_0.4_rocchio_TFIDF	40	130	1.0	45.0	0.2742
lmjm_0.4_rocchio_TFIDF	40	135	1.0	5.0	0.2714
lmjm_0.4_rocchio_TFIDF	40	135	1.0	7.5	0.2776
lmjm_0.4_rocchio_TFIDF	40	135	1.0	10.0	0.28
lmjm_0.4_rocchio_TFIDF	40	135	1.0	12.5	0.2812
lmjm_0.4_rocchio_TFIDF	40	135	1.0	15.0	0.2779
lmjm_0.4_rocchio_TFIDF	40	135	1.0	17.5	0.2776
lmjm_0.4_rocchio_TFIDF	40	135	1.0	20.0	0.2779
lmjm_0.4_rocchio_TFIDF	40	135	1.0	22.5	0.2767
lmjm_0.4_rocchio_TFIDF	40	135	1.0	25.0	0.2766
lmjm_0.4_rocchio_TFIDF	40	135	1.0	27.5	0.2761
lmjm_0.4_rocchio_TFIDF	40	135	1.0	30.0	0.2761
lmjm_0.4_rocchio_TFIDF	40	135	1.0	32.5	0.2756
lmjm_0.4_rocchio_TFIDF	40	135	1.0	35.0	0.275
lmjm_0.4_rocchio_TFIDF	40	135	1.0	40.0	0.2749
lmjm_0.4_rocchio_TFIDF	40	135	1.0	45.0	0.2739
lmjm_0.4_rocchio_TFIDF	40	140	1.0	5.0	0.2715
lmjm_0.4_rocchio_TFIDF	40	140	1.0	7.5	0.2781
lmjm_0.4_rocchio_TFIDF	40	140	1.0	10.0	0.2795
lmjm_0.4_rocchio_TFIDF	40	140	1.0	12.5	0.2822
lmjm_0.4_rocchio_TFIDF	40	140	1.0	15.0	0.279
lmjm_0.4_rocchio_TFIDF	40	140	1.0	17.5	0.2784
lmjm_0.4_rocchio_TFIDF	40	140	1.0	20.0	0.2786
lmjm_0.4_rocchio_TFIDF	40	140	1.0	22.5	0.2781
lmjm_0.4_rocchio_TFIDF	40	140	1.0	25.0	0.2772
lmjm_0.4_rocchio_TFIDF	40	140	1.0	27.5	0.2767
lmjm_0.4_rocchio_TFIDF	40	140	1.0	30.0	0.2771
lmjm_0.4_rocchio_TFIDF	40	140	1.0	32.5	0.2767
lmjm_0.4_rocchio_TFIDF	40	140	1.0	35.0	0.2758
lmjm_0.4_rocchio_TFIDF	40	140	1.0	40.0	0.2749
lmjm_0.4_rocchio_TFIDF	40	140	1.0	45.0	0.274
lmjm_0.4_rocchio_TFIDF	40	145	1.0	5.0	0.2715
lmjm_0.4_rocchio_TFIDF	40	145	1.0	7.5	0.278
lmjm_0.4_rocchio_TFIDF	40	145	1.0	10.0	0.2794
lmjm_0.4_rocchio_TFIDF	40	145	1.0	12.5	0.2821
lmjm_0.4_rocchio_TFIDF	40	145	1.0	15.0	0.279
lmjm_0.4_rocchio_TFIDF	40	145	1.0	17.5	0.2789
lmjm_0.4_rocchio_TFIDF	40	145	1.0	20.0	0.2789
lmjm_0.4_rocchio_TFIDF	40	145	1.0	22.5	0.2782
lmjm_0.4_rocchio_TFIDF	40	145	1.0	25.0	0.2781
lmjm_0.4_rocchio_TFIDF	40	145	1.0	27.5	0.2775
lmjm_0.4_rocchio_TFIDF	40	145	1.0	30.0	0.2768
lmjm_0.4_rocchio_TFIDF	40	145	1.0	32.5	0.2764
lmjm_0.4_rocchio_TFIDF	40	145	1.0	35.0	0.2757
lmjm_0.4_rocchio_TFIDF	40	145	1.0	40.0	0.2751
lmjm_0.4_rocchio_TFIDF	40	145	1.0	45.0	0.274
lmjm_0.4_rocchio_TFIDF	40	150	1.0	5.0	0.2738
lmjm_0.4_rocchio_TFIDF	40	150	1.0	7.5	0.2793
lmjm_0.4_rocchio_TFIDF	40	150	1.0	10.0	0.2807
lmjm_0.4_rocchio_TFIDF	40	150	1.0	12.5	0.2825
lmjm_0.4_rocchio_TFIDF	40	150	1.0	15.0	0.2791
lmjm_0.4_rocchio_TFIDF	40	150	1.0	17.5	0.2788
lmjm_0.4_rocchio_TFIDF	40	150	1.0	20.0	0.2792
lmjm_0.4_rocchio_TFIDF	40	150	1.0	22.5	0.2786
lmjm_0.4_rocchio_TFIDF	40	150	1.0	25.0	0.2779
lmjm_0.4_rocchio_TFIDF	40	150	1.0	27.5	0.2776
lmjm_0.4_rocchio_TFIDF	40	150	1.0	30.0	0.277
lmjm_0.4_rocchio_TFIDF	40	150	1.0	32.5	0.2766
lmjm_0.4_rocchio_TFIDF	40	150	1.0	35.0	0.2762
lmjm_0.4_rocchio_TFIDF	40	150	1.0	40.0	0.2755
lmjm_0.4_rocchio_TFIDF	40	150	1.0	45.0	0.2743
lmjm_0.4_rocchio_TFIDF	40	155	1.0	5.0	0.2741
lmjm_0.4_rocchio_TFIDF	40	155	1.0	7.5	0.278
lmjm_0.4_rocchio_TFIDF	40	155	1.0	10.0	0.2805
lmjm_0.4_rocchio_TFIDF	40	155	1.0	12.5	0.2821
lmjm_0.4_rocchio_TFIDF	40	155	1.0	15.0	0.2788
lmjm_0.4_rocchio_TFIDF	40	155	1.0	17.5	0.279
lmjm_0.4_rocchio_TFIDF	40	155	1.0	20.0	0.2785
lmjm_0.4_rocchio_TFIDF	40	155	1.0	22.5	0.2773
lmjm_0.4_rocchio_TFIDF	40	155	1.0	25.0	0.2768
lmjm_0.4_rocchio_TFIDF	40	155	1.0	27.5	0.2766
lmjm_0.4_rocchio_TFIDF	40	155	1.0	30.0	0.2763
lmjm_0.4_rocchio_TFIDF	40	155	1.0	32.5	0.2759
lmjm_0.4_rocchio_TFIDF	40	155	1.0	35.0	0.2754
lmjm_0.4_rocchio_TFIDF	40	155	1.0	40.0	0.2751
lmjm_0.4_rocchio_TFIDF	40	155	1.0	45.0	0.2737
lmjm_0.4_rocchio_TFIDF	40	160	1.0	5.0	0.2742
lmjm_0.4_rocchio_TFIDF	40	160	1.0	7.5	0.2778
lmjm_0.4_rocchio_TFIDF	40	160	1.0	10.0	0.2804
lmjm_0.4_rocchio_TFIDF	40	160	1.0	12.5	0.2818
lmjm_0.4_rocchio_TFIDF	40	160	1.0	15.0	0.2783
lmjm_0.4_rocchio_TFIDF	40	160	1.0	17.5	0.2786
lmjm_0.4_rocchio_TFIDF	40	160	1.0	20.0	0.2777
lmjm_0.4_rocchio_TFIDF	40	160	1.0	22.5	0.2774
lmjm_0.4_rocchio_TFIDF	40	160	1.0	25.0	0.2769
lmjm_0.4_rocchio_TFIDF	40	160	1.0	27.5	0.2768
lmjm_0.4_rocchio_TFIDF	40	160	1.0	30.0	0.2764
lmjm_0.4_rocchio_TFIDF	40	160	1.0	32.5	0.276
lmjm_0.4_rocchio_TFIDF	40	160	1.0	35.0	0.2749
lmjm_0.4_rocchio_TFIDF	40	160	1.0	40.0	0.2747
lmjm_0.4_rocchio_TFIDF	40	160	1.0	45.0	0.273
lmjm_0.4_rocchio_TFIDF	40	165	1.0	5.0	0.2743
lmjm_0.4_rocchio_TFIDF	40	165	1.0	7.5	0.2787
lmjm_0.4_rocchio_TFIDF	40	165	1.0	10.0	0.2807
lmjm_0.4_rocchio_TFIDF	40	165	1.0	12.5	0.2816
lmjm_0.4_rocchio_TFIDF	40	165	1.0	15.0	0.2781
lmjm_0.4_rocchio_TFIDF	40	165	1.0	17.5	0.278
lmjm_0.4_rocchio_TFIDF	40	165	1.0	20.0	0.2774
lmjm_0.4_rocchio_TFIDF	40	165	1.0	22.5	0.2769
lmjm_0.4_rocchio_TFIDF	40	165	1.0	25.0	0.2766
lmjm_0.4_rocchio_TFIDF	40	165	1.0	27.5	0.2761
lmjm_0.4_rocchio_TFIDF	40	165	1.0	30.0	0.276
lmjm_0.4_rocchio_TFIDF	40	165	1.0	32.5	0.2759
lmjm_0.4_rocchio_TFIDF	40	165	1.0	35.0	0.2751
lmjm_0.4_rocchio_TFIDF	40	165	1.0	40.0	0.2744
lmjm_0.4_rocchio_TFIDF	40	165	1.0	45.0	0.2727
lmjm_0.4_rocchio_TFIDF	45	50	1.0	5.0	0.265
lmjm_0.4_rocchio_TFIDF	45	50	1.0	7.5	0.2724
lmjm_0.4_rocchio_TFIDF	45	50	1.0	10.0	0.2749
lmjm_0.4_rocchio_TFIDF	45	50	1.0	12.5	0.2764
lmjm_0.4_rocchio_TFIDF	45	50	1.0	15.0	0.278
lmjm_0.4_rocchio_TFIDF	45	50	1.0	17.5	0.2794
lmjm_0.4_rocchio_TFIDF	45	50	1.0	20.0	0.2768
lmjm_0.4_rocchio_TFIDF	45	50	1.0	22.5	0.2769
lmjm_0.4_rocchio_TFIDF	45	50	1.0	25.0	0.2757
lmjm_0.4_rocchio_TFIDF	45	50	1.0	27.5	0.2753
lmjm_0.4_rocchio_TFIDF	45	50	1.0	30.0	0.2752
lmjm_0.4_rocchio_TFIDF	45	50	1.0	32.5	0.2748
lmjm_0.4_rocchio_TFIDF	45	50	1.0	35.0	0.2735
lmjm_0.4_rocchio_TFIDF	45	50	1.0	40.0	0.2721
lmjm_0.4_rocchio_TFIDF	45	50	1.0	45.0	0.2715
lmjm_0.4_rocchio_TFIDF	45	60	1.0	5.0	0.2674
lmjm_0.4_rocchio_TFIDF	45	60	1.0	7.5	0.2748
lmjm_0.4_rocchio_TFIDF	45	60	1.0	10.0	0.2762
lmjm_0.4_rocchio_TFIDF	45	60	1.0	12.5	0.2783
lmjm_0.4_rocchio_TFIDF	45	60	1.0	15.0	0.2792
lmjm_0.4_rocchio_TFIDF	45	60	1.0	17.5	0.2807
lmjm_0.4_rocchio_TFIDF	45	60	1.0	20.0	0.2798
lmjm_0.4_rocchio_TFIDF	45	60	1.0	22.5	0.2775
lmjm_0.4_rocchio_TFIDF	45	60	1.0	25.0	0.277
lmjm_0.4_rocchio_TFIDF	45	60	1.0	27.5	0.2767
lmjm_0.4_rocchio_TFIDF	45	60	1.0	30.0	0.2764
lmjm_0.4_rocchio_TFIDF	45	60	1.0	32.5	0.2757
lmjm_0.4_rocchio_TFIDF	45	60	1.0	35.0	0.2746
lmjm_0.4_rocchio_TFIDF	45	60	1.0	40.0	0.2732
lmjm_0.4_rocchio_TFIDF	45	60	1.0	45.0	0.2718
lmjm_0.4_rocchio_TFIDF	45	65	1.0	5.0	0.2684
lmjm_0.4_rocchio_TFIDF	45	65	1.0	7.5	0.2748
lmjm_0.4_rocchio_TFIDF	45	65	1.0	10.0	0.2769
lmjm_0.4_rocchio_TFIDF	45	65	1.0	12.5	0.2794
lmjm_0.4_rocchio_TFIDF	45	65	1.0	15.0	0.2805
lmjm_0.4_rocchio_TFIDF	45	65	1.0	17.5	0.2815
lmjm_0.4_rocchio_TFIDF	45	65	1.0	20.0	0.28
lmjm_0.4_rocchio_TFIDF	45	65	1.0	22.5	0.278
lmjm_0.4_rocchio_TFIDF	45	65	1.0	25.0	0.2775
lmjm_0.4_rocchio_TFIDF	45	65	1.0	27.5	0.277
lmjm_0.4_rocchio_TFIDF	45	65	1.0	30.0	0.2765
lmjm_0.4_rocchio_TFIDF	45	65	1.0	32.5	0.2757
lmjm_0.4_rocchio_TFIDF	45	65	1.0	35.0	0.2748
lmjm_0.4_rocchio_TFIDF	45	65	1.0	40.0	0.2739
lmjm_0.4_rocchio_TFIDF	45	65	1.0	45.0	0.2728
lmjm_0.4_rocchio_TFIDF	45	70	1.0	5.0	0.2689
lmjm_0.4_rocchio_TFIDF	45	70	1.0	7.5	0.2748
lmjm_0.4_rocchio_TFIDF	45	70	1.0	10.0	0.2761
lmjm_0.4_rocchio_TFIDF	45	70	1.0	12.5	0.2778
lmjm_0.4_rocchio_TFIDF	45	70	1.0	15.0	0.2803
lmjm_0.4_rocchio_TFIDF	45	70	1.0	17.5	0.2816
lmjm_0.4_rocchio_TFIDF	45	70	1.0	20.0	0.2799
lmjm_0.4_rocchio_TFIDF	45	70	1.0	22.5	0.2774
lmjm_0.4_rocchio_TFIDF	45	70	1.0	25.0	0.2765
lmjm_0.4_rocchio_TFIDF	45	70	1.0	27.5	0.2764
lmjm_0.4_rocchio_TFIDF	45	70	1.0	30.0	0.2764
lmjm_0.4_rocchio_TFIDF	45	70	1.0	32.5	0.276
lmjm_0.4_rocchio_TFIDF	45	70	1.0	35.0	0.2755
lmjm_0.4_rocchio_TFIDF	45	70	1.0	40.0	0.2741
lmjm_0.4_rocchio_TFIDF	45	70	1.0	45.0	0.2727
lmjm_0.4_rocchio_TFIDF	45	75	1.0	5.0	0.2688
lmjm_0.4_rocchio_TFIDF	45	75	1.0	7.5	0.2751
lmjm_0.4_rocchio_TFIDF	45	75	1.0	10.0	0.2764
lmjm_0.4_rocchio_TFIDF	45	75	1.0	12.5	0.2782
lmjm_0.4_rocchio_TFIDF	45	75	1.0	15.0	0.2805
lmjm_0.4_rocchio_TFIDF	45	75	1.0	17.5	0.2813
lmjm_0.4_rocchio_TFIDF	45	75	1.0	20.0	0.2784
lmjm_0.4_rocchio_TFIDF	45	75	1.0	22.5	0.2772
lmjm_0.4_rocchio_TFIDF	45	75	1.0	25.0	0.277
lmjm_0.4_rocchio_TFIDF	45	75	1.0	27.5	0.2773
lmjm_0.4_rocchio_TFIDF	45	75	1.0	30.0	0.2766
lmjm_0.4_rocchio_TFIDF	45	75	1.0	32.5	0.2755
lmjm_0.4_rocchio_TFIDF	45	75	1.0	35.0	0.2752
lmjm_0.4_rocchio_TFIDF	45	75	1.0	40.0	0.2741
lmjm_0.4_rocchio_TFIDF	45	75	1.0	45.0	0.2729
lmjm_0.4_rocchio_TFIDF	45	80	1.0	5.0	0.2686
lmjm_0.4_rocchio_TFIDF	45	80	1.0	7.5	0.2749
lmjm_0.4_rocchio_TFIDF	45	80	1.0	10.0	0.2762
lmjm_0.4_rocchio_TFIDF	45	80	1.0	12.5	0.279
lmjm_0.4_rocchio_TFIDF	45	80	1.0	15.0	0.2808
lmjm_0.4_rocchio_TFIDF	45	80	1.0	17.5	0.2812
lmjm_0.4_rocchio_TFIDF	45	80	1.0	20.0	0.2778
lmjm_0.4_rocchio_TFIDF	45	80	1.0	22.5	0.2771
lmjm_0.4_rocchio_TFIDF	45	80	1.0	25.0	0.2761
lmjm_0.4_rocchio_TFIDF	45	80	1.0	27.5	0.2764
lmjm_0.4_rocchio_TFIDF	45	80	1.0	30.0	0.2761
lmjm_0.4_rocchio_TFIDF	45	80	1.0	32.5	0.2755
lmjm_0.4_rocchio_TFIDF	45	80	1.0	35.0	0.2753
lmjm_0.4_rocchio_TFIDF	45	80	1.0	40.0	0.2744
lmjm_0.4_rocchio_TFIDF	45	80	1.0	45.0	0.2732
lmjm_0.4_rocchio_TFIDF	45	85	1.0	5.0	0.2707
lmjm_0.4_rocchio_TFIDF	45	85	1.0	7.5	0.2744
lmjm_0.4_rocchio_TFIDF	45	85	1.0	10.0	0.277
lmjm_0.4_rocchio_TFIDF	45	85	1.0	12.5	0.2789
lmjm_0.4_rocchio_TFIDF	45	85	1.0	15.0	0.2802
lmjm_0.4_rocchio_TFIDF	45	85	1.0	17.5	0.2816
lmjm_0.4_rocchio_TFIDF	45	85	1.0	20.0	0.278
lmjm_0.4_rocchio_TFIDF	45	85	1.0	22.5	0.2775
lmjm_0.4_rocchio_TFIDF	45	85	1.0	25.0	0.2774
lmjm_0.4_rocchio_TFIDF	45	85	1.0	27.5	0.2768
lmjm_0.4_rocchio_TFIDF	45	85	1.0	30.0	0.2766
lmjm_0.4_rocchio_TFIDF	45	85	1.0	32.5	0.276
lmjm_0.4_rocchio_TFIDF	45	85	1.0	35.0	0.2747
lmjm_0.4_rocchio_TFIDF	45	85	1.0	40.0	0.2747
lmjm_0.4_rocchio_TFIDF	45	85	1.0	45.0	0.2742
lmjm_0.4_rocchio_TFIDF	45	90	1.0	5.0	0.2708
lmjm_0.4_rocchio_TFIDF	45	90	1.0	7.5	0.2766
lmjm_0.4_rocchio_TFIDF	45	90	1.0	10.0	0.2778
lmjm_0.4_rocchio_TFIDF	45	90	1.0	12.5	0.28
lmjm_0.4_rocchio_TFIDF	45	90	1.0	15.0	0.2807
lmjm_0.4_rocchio_TFIDF	45	90	1.0	17.5	0.2817
lmjm_0.4_rocchio_TFIDF	45	90	1.0	20.0	0.2784
lmjm_0.4_rocchio_TFIDF	45	90	1.0	22.5	0.2775
lmjm_0.4_rocchio_TFIDF	45	90	1.0	25.0	0.2776
lmjm_0.4_rocchio_TFIDF	45	90	1.0	27.5	0.2769
lmjm_0.4_rocchio_TFIDF	45	90	1.0	30.0	0.2776
lmjm_0.4_rocchio_TFIDF	45	90	1.0	32.5	0.2771
lmjm_0.4_rocchio_TFIDF	45	90	1.0	35.0	0.2764
lmjm_0.4_rocchio_TFIDF	45	90	1.0	40.0	0.2758
lmjm_0.4_rocchio_TFIDF	45	90	1.0	45.0	0.2743
lmjm_0.4_rocchio_TFIDF	45	95	1.0	5.0	0.2716
lmjm_0.4_rocchio_TFIDF	45	95	1.0	7.5	0.2759
lmjm_0.4_rocchio_TFIDF	45	95	1.0	10.0	0.2784
lmjm_0.4_rocchio_TFIDF	45	95	1.0	12.5	0.2807
lmjm_0.4_rocchio_TFIDF	45	95	1.0	15.0	0.2812
lmjm_0.4_rocchio_TFIDF	45	95	1.0	17.5	0.2791
lmjm_0.4_rocchio_TFIDF	45	95	1.0	20.0	0.2778
lmjm_0.4_rocchio_TFIDF	45	95	1.0	22.5	0.2775
lmjm_0.4_rocchio_TFIDF	45	95	1.0	25.0	0.2777
lmjm_0.4_rocchio_TFIDF	45	95	1.0	27.5	0.2779
lmjm_0.4_rocchio_TFIDF	45	95	1.0	30.0	0.2768
lmjm_0.4_rocchio_TFIDF	45	95	1.0	32.5	0.2762
lmjm_0.4_rocchio_TFIDF	45	95	1.0	35.0	0.2757
lmjm_0.4_rocchio_TFIDF	45	95	1.0	40.0	0.2746
lmjm_0.4_rocchio_TFIDF	45	95	1.0	45.0	0.2734
lmjm_0.4_rocchio_TFIDF	45	100	1.0	5.0	0.2711
lmjm_0.4_rocchio_TFIDF	45	100	1.0	7.5	0.2773
lmjm_0.4_rocchio_TFIDF	45	100	1.0	10.0	0.2783
lmjm_0.4_rocchio_TFIDF	45	100	1.0	12.5	0.2805
lmjm_0.4_rocchio_TFIDF	45	100	1.0	15.0	0.2815
lmjm_0.4_rocchio_TFIDF	45	100	1.0	17.5	0.2795
lmjm_0.4_rocchio_TFIDF	45	100	1.0	20.0	0.2785
lmjm_0.4_rocchio_TFIDF	45	100	1.0	22.5	0.2777
lmjm_0.4_rocchio_TFIDF	45	100	1.0	25.0	0.278
lmjm_0.4_rocchio_TFIDF	45	100	1.0	27.5	0.2782
lmjm_0.4_rocchio_TFIDF	45	100	1.0	30.0	0.2777
lmjm_0.4_rocchio_TFIDF	45	100	1.0	32.5	0.2769
lmjm_0.4_rocchio_TFIDF	45	100	1.0	35.0	0.2761
lmjm_0.4_rocchio_TFIDF	45	100	1.0	40.0	0.2747
lmjm_0.4_rocchio_TFIDF	45	100	1.0	45.0	0.2737
lmjm_0.4_rocchio_TFIDF	45	105	1.0	5.0	0.2715
lmjm_0.4_rocchio_TFIDF	45	105	1.0	7.5	0.2778
lmjm_0.4_rocchio_TFIDF	45	105	1.0	10.0	0.2793
lmjm_0.4_rocchio_TFIDF	45	105	1.0	12.5	0.281
lmjm_0.4_rocchio_TFIDF	45	105	1.0	15.0	0.282
lmjm_0.4_rocchio_TFIDF	45	105	1.0	17.5	0.2798
lmjm_0.4_rocchio_TFIDF	45	105	1.0	20.0	0.2794
lmjm_0.4_rocchio_TFIDF	45	105	1.0	22.5	0.2788
lmjm_0.4_rocchio_TFIDF	45	105	1.0	25.0	0.2793
lmjm_0.4_rocchio_TFIDF	45	105	1.0	27.5	0.2788
lmjm_0.4_rocchio_TFIDF	45	105	1.0	30.0	0.2777
lmjm_0.4_rocchio_TFIDF	45	105	1.0	32.5	0.2769
lmjm_0.4_rocchio_TFIDF	45	105	1.0	35.0	0.2755
lmjm_0.4_rocchio_TFIDF	45	105	1.0	40.0	0.2739
lmjm_0.4_rocchio_TFIDF	45	105	1.0	45.0	0.2725
lmjm_0.4_rocchio_TFIDF	45	110	1.0	5.0	0.2725
lmjm_0.4_rocchio_TFIDF	45	110	1.0	7.5	0.2768
lmjm_0.4_rocchio_TFIDF	45	110	1.0	10.0	0.2791
lmjm_0.4_rocchio_TFIDF	45	110	1.0	12.5	0.2809
lmjm_0.4_rocchio_TFIDF	45	110	1.0	15.0	0.2819
lmjm_0.4_rocchio_TFIDF	45	110	1.0	17.5	0.2797
lmjm_0.4_rocchio_TFIDF	45	110	1.0	20.0	0.2791
lmjm_0.4_rocchio_TFIDF	45	110	1.0	22.5	0.2781
lmjm_0.4_rocchio_TFIDF	45	110	1.0	25.0	0.2778
lmjm_0.4_rocchio_TFIDF	45	110	1.0	27.5	0.2776
lmjm_0.4_rocchio_TFIDF	45	110	1.0	30.0	0.2764
lmjm_0.4_rocchio_TFIDF	45	110	1.0	32.5	0.2758
lmjm_0.4_rocchio_TFIDF	45	110	1.0	35.0	0.2749
lmjm_0.4_rocchio_TFIDF	45	110	1.0	37.5	0.2742
lmjm_0.4_rocchio_TFIDF	45	110	1.0	40.0	0.2737
lmjm_0.4_rocchio_TFIDF	45	110	1.0	42.5	0.2728
lmjm_0.4_rocchio_TFIDF	45	110	1.0	45.0	0.2721
lmjm_0.4_rocchio_TFIDF	45	115	1.0	5.0	0.2725
lmjm_0.4_rocchio_TFIDF	45	115	1.0	7.5	0.2767
lmjm_0.4_rocchio_TFIDF	45	115	1.0	10.0	0.2787
lmjm_0.4_rocchio_TFIDF	45	115	1.0	12.5	0.2806
lmjm_0.4_rocchio_TFIDF	45	115	1.0	15.0	0.2812
lmjm_0.4_rocchio_TFIDF	45	115	1.0	17.5	0.2792
lmjm_0.4_rocchio_TFIDF	45	115	1.0	20.0	0.2787
lmjm_0.4_rocchio_TFIDF	45	115	1.0	22.5	0.2782
lmjm_0.4_rocchio_TFIDF	45	115	1.0	25.0	0.2784
lmjm_0.4_rocchio_TFIDF	45	115	1.0	27.5	0.2771
lmjm_0.4_rocchio_TFIDF	45	115	1.0	30.0	0.2765
lmjm_0.4_rocchio_TFIDF	45	115	1.0	32.5	0.2759
lmjm_0.4_rocchio_TFIDF	45	115	1.0	35.0	0.2746
lmjm_0.4_rocchio_TFIDF	45	115	1.0	37.5	0.274
lmjm_0.4_rocchio_TFIDF	45	115	1.0	40.0	0.2734
lmjm_0.4_rocchio_TFIDF	45	115	1.0	42.5	0.2726
lmjm_0.4_rocchio_TFIDF	45	115	1.0	45.0	0.2713
lmjm_0.4_rocchio_TFIDF	45	120	1.0	5.0	0.2696
lmjm_0.4_rocchio_TFIDF	45	120	1.0	7.5	0.2778
lmjm_0.4_rocchio_TFIDF	45	120	1.0	10.0	0.2781
lmjm_0.4_rocchio_TFIDF	45	120	1.0	12.5	0.2809
lmjm_0.4_rocchio_TFIDF	45	120	1.0	15.0	0.2812
lmjm_0.4_rocchio_TFIDF	45	120	1.0	17.5	0.2797
lmjm_0.4_rocchio_TFIDF	45	120	1.0	20.0	0.2788
lmjm_0.4_rocchio_TFIDF	45	120	1.0	22.5	0.2783
lmjm_0.4_rocchio_TFIDF	45	120	1.0	25.0	0.2785
lmjm_0.4_rocchio_TFIDF	45	120	1.0	27.5	0.2776
lmjm_0.4_rocchio_TFIDF	45	120	1.0	30.0	0.2772
lmjm_0.4_rocchio_TFIDF	45	120	1.0	32.5	0.2759
lmjm_0.4_rocchio_TFIDF	45	120	1.0	35.0	0.2752
lmjm_0.4_rocchio_TFIDF	45	120	1.0	40.0	0.2741
lmjm_0.4_rocchio_TFIDF	45	120	1.0	45.0	0.2715
lmjm_0.4_rocchio_TFIDF	45	130	1.0	5.0	0.27
lmjm_0.4_rocchio_TFIDF	45	130	1.0	7.5	0.2778
lmjm_0.4_rocchio_TFIDF	45	130	1.0	10.0	0.2786
lmjm_0.4_rocchio_TFIDF	45	130	1.0	12.5	0.2808
lmjm_0.4_rocchio_TFIDF	45	130	1.0	15.0	0.2812
lmjm_0.4_rocchio_TFIDF	45	130	1.0	17.5	0.2792
lmjm_0.4_rocchio_TFIDF	45	130	1.0	20.0	0.2779
lmjm_0.4_rocchio_TFIDF	45	130	1.0	22.5	0.2786
lmjm_0.4_rocchio_TFIDF	45	130	1.0	25.0	0.2785
lmjm_0.4_rocchio_TFIDF	45	130	1.0	27.5	0.2777
lmjm_0.4_rocchio_TFIDF	45	130	1.0	30.0	0.2772
lmjm_0.4_rocchio_TFIDF	45	130	1.0	32.5	0.2761
lmjm_0.4_rocchio_TFIDF	45	130	1.0	35.0	0.2755
lmjm_0.4_rocchio_TFIDF	45	130	1.0	40.0	0.2734
lmjm_0.4_rocchio_TFIDF	45	130	1.0	45.0	0.2715
lmjm_0.4_rocchio_TFIDF	45	135	1.0	5.0	0.2701
lmjm_0.4_rocchio_TFIDF	45	135	1.0	7.5	0.277
lmjm_0.4_rocchio_TFIDF	45	135	1.0	10.0	0.2792
lmjm_0.4_rocchio_TFIDF	45	135	1.0	12.5	0.2811
lmjm_0.4_rocchio_TFIDF	45	135	1.0	15.0	0.2813
lmjm_0.4_rocchio_TFIDF	45	135	1.0	17.5	0.2786
lmjm_0.4_rocchio_TFIDF	45	135	1.0	20.0	0.2783
lmjm_0.4_rocchio_TFIDF	45	135	1.0	22.5	0.2782
lmjm_0.4_rocchio_TFIDF	45	135	1.0	25.0	0.278
lmjm_0.4_rocchio_TFIDF	45	135	1.0	27.5	0.277
lmjm_0.4_rocchio_TFIDF	45	135	1.0	30.0	0.2766
lmjm_0.4_rocchio_TFIDF	45	135	1.0	32.5	0.2758
lmjm_0.4_rocchio_TFIDF	45	135	1.0	35.0	0.2754
lmjm_0.4_rocchio_TFIDF	45	135	1.0	40.0	0.2739
lmjm_0.4_rocchio_TFIDF	45	135	1.0	45.0	0.2716
lmjm_0.4_rocchio_TFIDF	45	140	1.0	5.0	0.2703
lmjm_0.4_rocchio_TFIDF	45	140	1.0	7.5	0.2786
lmjm_0.4_rocchio_TFIDF	45	140	1.0	10.0	0.2792
lmjm_0.4_rocchio_TFIDF	45	140	1.0	12.5	0.2814
lmjm_0.4_rocchio_TFIDF	45	140	1.0	15.0	0.2816
lmjm_0.4_rocchio_TFIDF	45	140	1.0	17.5	0.2798
lmjm_0.4_rocchio_TFIDF	45	140	1.0	20.0	0.2784
lmjm_0.4_rocchio_TFIDF	45	140	1.0	22.5	0.2782
lmjm_0.4_rocchio_TFIDF	45	140	1.0	25.0	0.2778
lmjm_0.4_rocchio_TFIDF	45	140	1.0	27.5	0.2777
lmjm_0.4_rocchio_TFIDF	45	140	1.0	30.0	0.2775
lmjm_0.4_rocchio_TFIDF	45	140	1.0	32.5	0.2766
lmjm_0.4_rocchio_TFIDF	45	140	1.0	35.0	0.2753
lmjm_0.4_rocchio_TFIDF	45	140	1.0	40.0	0.2734
lmjm_0.4_rocchio_TFIDF	45	140	1.0	45.0	0.2714
lmjm_0.4_rocchio_TFIDF	45	145	1.0	5.0	0.2701
lmjm_0.4_rocchio_TFIDF	45	145	1.0	7.5	0.2782
lmjm_0.4_rocchio_TFIDF	45	145	1.0	10.0	0.279
lmjm_0.4_rocchio_TFIDF	45	145	1.0	12.5	0.2817
lmjm_0.4_rocchio_TFIDF	45	145	1.0	15.0	0.2815
lmjm_0.4_rocchio_TFIDF	45	145	1.0	17.5	0.2799
lmjm_0.4_rocchio_TFIDF	45	145	1.0	20.0	0.2783
lmjm_0.4_rocchio_TFIDF	45	145	1.0	22.5	0.278
lmjm_0.4_rocchio_TFIDF	45	145	1.0	25.0	0.2774
lmjm_0.4_rocchio_TFIDF	45	145	1.0	27.5	0.2767
lmjm_0.4_rocchio_TFIDF	45	145	1.0	30.0	0.2761
lmjm_0.4_rocchio_TFIDF	45	145	1.0	32.5	0.2754
lmjm_0.4_rocchio_TFIDF	45	145	1.0	35.0	0.2753
lmjm_0.4_rocchio_TFIDF	45	145	1.0	40.0	0.2735
lmjm_0.4_rocchio_TFIDF	45	145	1.0	45.0	0.2709
lmjm_0.4_rocchio_TFIDF	45	150	1.0	5.0	0.2703
lmjm_0.4_rocchio_TFIDF	45	150	1.0	7.5	0.2778
lmjm_0.4_rocchio_TFIDF	45	150	1.0	10.0	0.2791
lmjm_0.4_rocchio_TFIDF	45	150	1.0	12.5	0.2809
lmjm_0.4_rocchio_TFIDF	45	150	1.0	15.0	0.2815
lmjm_0.4_rocchio_TFIDF	45	150	1.0	17.5	0.279
lmjm_0.4_rocchio_TFIDF	45	150	1.0	20.0	0.2783
lmjm_0.4_rocchio_TFIDF	45	150	1.0	22.5	0.2781
lmjm_0.4_rocchio_TFIDF	45	150	1.0	25.0	0.2773
lmjm_0.4_rocchio_TFIDF	45	150	1.0	27.5	0.2766
lmjm_0.4_rocchio_TFIDF	45	150	1.0	30.0	0.2774
lmjm_0.4_rocchio_TFIDF	45	150	1.0	32.5	0.2762
lmjm_0.4_rocchio_TFIDF	45	150	1.0	35.0	0.2754
lmjm_0.4_rocchio_TFIDF	45	150	1.0	40.0	0.2735
lmjm_0.4_rocchio_TFIDF	45	150	1.0	45.0	0.2717
lmjm_0.4_rocchio_TFIDF	45	155	1.0	5.0	0.2704
lmjm_0.4_rocchio_TFIDF	45	155	1.0	7.5	0.2778
lmjm_0.4_rocchio_TFIDF	45	155	1.0	10.0	0.2796
lmjm_0.4_rocchio_TFIDF	45	155	1.0	12.5	0.2812
lmjm_0.4_rocchio_TFIDF	45	155	1.0	15.0	0.2817
lmjm_0.4_rocchio_TFIDF	45	155	1.0	17.5	0.2789
lmjm_0.4_rocchio_TFIDF	45	155	1.0	20.0	0.2783
lmjm_0.4_rocchio_TFIDF	45	155	1.0	22.5	0.278
lmjm_0.4_rocchio_TFIDF	45	155	1.0	25.0	0.2772
lmjm_0.4_rocchio_TFIDF	45	155	1.0	27.5	0.2776
lmjm_0.4_rocchio_TFIDF	45	155	1.0	30.0	0.2771
lmjm_0.4_rocchio_TFIDF	45	155	1.0	32.5	0.276
lmjm_0.4_rocchio_TFIDF	45	155	1.0	35.0	0.2755
lmjm_0.4_rocchio_TFIDF	45	155	1.0	40.0	0.2734
lmjm_0.4_rocchio_TFIDF	45	155	1.0	45.0	0.2716
lmjm_0.4_rocchio_TFIDF	45	160	1.0	5.0	0.2704
lmjm_0.4_rocchio_TFIDF	45	160	1.0	7.5	0.2778
lmjm_0.4_rocchio_TFIDF	45	160	1.0	10.0	0.2796
lmjm_0.4_rocchio_TFIDF	45	160	1.0	12.5	0.2808
lmjm_0.4_rocchio_TFIDF	45	160	1.0	15.0	0.2814
lmjm_0.4_rocchio_TFIDF	45	160	1.0	17.5	0.2785
lmjm_0.4_rocchio_TFIDF	45	160	1.0	20.0	0.278
lmjm_0.4_rocchio_TFIDF	45	160	1.0	22.5	0.2779
lmjm_0.4_rocchio_TFIDF	45	160	1.0	25.0	0.2777
lmjm_0.4_rocchio_TFIDF	45	160	1.0	27.5	0.2773
lmjm_0.4_rocchio_TFIDF	45	160	1.0	30.0	0.2767
lmjm_0.4_rocchio_TFIDF	45	160	1.0	32.5	0.2761
lmjm_0.4_rocchio_TFIDF	45	160	1.0	35.0	0.275
lmjm_0.4_rocchio_TFIDF	45	160	1.0	40.0	0.2727
lmjm_0.4_rocchio_TFIDF	45	160	1.0	45.0	0.2706
lmjm_0.4_rocchio_TFIDF	45	165	1.0	5.0	0.2705
lmjm_0.4_rocchio_TFIDF	45	165	1.0	7.5	0.2778
lmjm_0.4_rocchio_TFIDF	45	165	1.0	10.0	0.2791
lmjm_0.4_rocchio_TFIDF	45	165	1.0	12.5	0.2805
lmjm_0.4_rocchio_TFIDF	45	165	1.0	15.0	0.2816
lmjm_0.4_rocchio_TFIDF	45	165	1.0	17.5	0.2783
lmjm_0.4_rocchio_TFIDF	45	165	1.0	20.0	0.2782
lmjm_0.4_rocchio_TFIDF	45	165	1.0	22.5	0.2774
lmjm_0.4_rocchio_TFIDF	45	165	1.0	25.0	0.2773
lmjm_0.4_rocchio_TFIDF	45	165	1.0	27.5	0.2765
lmjm_0.4_rocchio_TFIDF	45	165	1.0	30.0	0.2764
lmjm_0.4_rocchio_TFIDF	45	165	1.0	32.5	0.2756
lmjm_0.4_rocchio_TFIDF	45	165	1.0	35.0	0.2746
lmjm_0.4_rocchio_TFIDF	45	165	1.0	40.0	0.2724
lmjm_0.4_rocchio_TFIDF	45	165	1.0	45.0	0.2707
